site_id;estrato;origem;evidencia_arquivo;status;tem_canal_titular;forma:email_lgpd_controlador;forma:email_grupo_controlador;forma:email_generico_rotulado;forma:subpagina_canal_titular;forma:subpagina_encarregado;forma:telefone_encarregado;forma:formulario_direitos;forma:plataforma_externa_dsr;forma:outro;canal_evid;canal_incerto;canal_b8_ref;finalidade;finalidade_evid;finalidade_incerto;direitos_titular;direitos_art18_I;direitos_art18_II;direitos_art18_III;direitos_art18_IV;direitos_art18_V;direitos_art18_VI;direitos_art18_VII;direitos_art18_VIII;direitos_art18_IX;direitos_count;direitos_evid;direitos_incerto;transf_internacional;transf_subtipo;transf_art17_I;transf_art17_II;transf_art17_III;transf_art17_IV;transf_art17_V;transf_art17_VI;transf_count;transf_evid;transf_incerto;obs
angeloni.com.br;corp;b7;Rotulagem/evidencia/angeloni.com.br.txt;text;1;0;0;1;0;0;0;0;0;0;6.‎ ‎ QUAIS SÃO OS SEUS DIREITOS E COMO EXERCÊ-LOS 6.1. Seus Direitos básicos. Você poderá solicitar ao nosso Encarregado de Dados Pessoais por meio do link: ouvidoria@angeloni.com.br ;nao;;1;I) Identificar e autenticar Você. (II) Cumprir as obrigações decorrentes do uso dos nossos serviços. (III) Possibilitar a efetivação da entrega/disponibilização dos produtos e/ou serviços oferecidos. (IV) Possibilitar o seu contato no Fale Conosco e na Ouvidora para o esclarecimento de dúvidas, sugestões e reclamações. (V) Garantir a portabilidade dos Dados cadastrais para outro Controlador do mesmo ramo de nossa atuação, caso solicitado por Você, cumprindo com obrigação do artigo 18 da Lei Geral de Proteção de Dados Pessoais. (VI) Ampliar nosso relacionamento, Informar Você sobre novidades, funcionalidades, conteúdos, notícias e demais eventos que consideramos relevantes para Você. (VII) Enriquecer sua experiência conosco promover nossos produtos e serviços, empresas do Grupo Econômico Angeloni e parceiros. (VIII) Cumprir com a legislação para emissão de Notas Fiscais das compras que Você efetuar conosco e para concretizar eventuais devoluções necessárias. (IX) Proteger Você realizando prevenção a fraudes, proteção ao crédito e riscos associados, além do cumprimento de obrigações legais e regulatórias. Dados de Identificação digital Endereço IP e Porta Lógica de Origem Dispositivo (versão do sistema operacional) Dispositivo (versão do sistema operacional) Registros de data e horário cada ação que Você realizar Quais telas você acessou Imagens em vídeo capturadas em CCTV ID da sessão Cookies, Web beacons e recursos em JavaScritp (I) Identificar e autenticar Você. (II) Cumprir com obrigações legais de manutenção de registros estabelecidas pelo Marco Civil da Internet - Lei 12.965/2014. (III) Proteger Você realizando prevenção a fraudes, proteção ao crédito e riscos associados, além do cumprimento de obrigações legais e regulatórias. Dados de pagamento Número do cartão de crédito e código de segurança (I) Cumprir com obrigações legais e o com o nosso contrato ao compartilhar os Dados com a empresa terceira responsável em processar o pagamento.;nao;1;1;1;1;1;1;0;0;1;1;7;"(V) Garantir a portabilidade dos Dados cadastrais para outro Controlador do mesmo ramo de nossa atuação, caso solicitado por Você, cumprindo com obrigação do artigo 18 da Lei Geral de Proteção de Dados Pessoais.
6.‎ ‎ QUAIS SÃO OS SEUS DIREITOS E COMO EXERCÊ-LOS 6.1. Seus Direitos básicos. Você poderá solicitar ao nosso Encarregado de Dados Pessoais por meio do link: ouvidoria@angeloni.com.br , a confirmação da existência tratamento de Dados Pessoais, além da exibição ou retificação de seus Dados Pessoais, por meio do nosso Canal de Atendimento. 6.2. Limitação, oposição e exclusão de dados. Pelo mesmo link, Você poderá também requerer: ‎ ‎‎ ‎ (I) A limitação do uso de seus Dados Pessoais; ‎ ‎‎ ‎ (II) Manifestar sua oposição e/ou revogar o consentimento quanto ao uso de seus Dados Pessoais; ou ‎ ‎‎ ‎ (III) Solicitar a exclusão de seus Dados Pessoais que tenham sidos coletados por Nós. ‎ ‎‎ ‎ 6.2.1. Se Você retirar seu consentimento para finalidades fundamentais ao regular funcionamento dos Nossos Ambientes e serviços, tais ambientes e serviços poderão ficar indisponíveis para Você. ‎ ‎‎ ‎ 6.2.2. Caso Você solicite a exclusão de seus Dados Pessoais, pode ocorrer que os Dados precisem ser mantidos por período superior ao pedido de exclusão, nos termos do artigo 16 da Lei Geral de Proteção de Dados Pessoais, para (i) cumprimento de obrigação legal ou regulatória, (ii) estudo por órgão de pesquisa, e (iii) transferência a terceiro (respeitados os requisitos de tratamento de dados dispostos na mesma Lei). Em todos os casos mediante a anonimização dos Dados Pessoais, desde que possível. ‎ ‎‎ ‎ 6.2.3. Findos o prazo de manutenção e a necessidade legal, os Dados Pessoais serão excluídos com uso de métodos de descarte seguro, ou utilizados de forma anonimizada para fins estatísticos. ‎ ‎‎ ‎ 6.2.4. Para fins de manutenção da sua e da nossa segurança, podemos solicitar quando da requisição de exercício de direitos, a confirmação de sua identidade por meio dos mecanismos e ferramentas disponíveis. ";nao;1;transferencia;0;0;0;0;0;0;0;5.4. Os Dados coletados serão armazenados em nossos servidores localizados no Brasil, bem como em ambiente de uso de recursos ou servidores na nuvem (cloud computing), o que poderá exigir uma transferência e/ou processamento destes Dados fora do Brasil. ;nao;
matrizskateshop.com.br;corp;b7;Rotulagem/evidencia/matrizskateshop.com.br.txt;NA;NA;;;;;;;;;;;nao;;NA;;;NA;;;;;;;;;;0;;;NA;;;;;;;;0;;;"o sitio tem política de privacidade na url https://www.matrizskateshop.com.br/p/termos, sob o link na homepage ""Políticas e Formas de Pagamentos"""
woxikon.com.br;corp;b7;Rotulagem/evidencia/woxikon.com.br.txt;text;1;;;1;;;1;;;1;"Se tiver alguma dúvida sobre o processamento de seus dados pessoais ou sobre o exercício de seus direitos de acordo com o GDPR, consulte nosso responsável externo pela proteção de dados:
Escritório de advocacia Costard
Parque Empresarial EUROCOM
Lina-Ammon-Strasse 9
90471 Nuremberg

Telefone: 0911 / 790 30 34
Fax: 0911 / 790 30 35

Endereço de e-mail: costard@it-rechtsberater.de

www.it-rechtsberater.de";nao;;1;"para o cumprimento do contrato do qual você é parte ou para o cumprimento de obrigações pré-contratuais em relação a você
para o fornecimento de sua conta, suporte técnico e outras finalidades semelhantes
para resolver outros problemas com nossos produtos e o armazenamento de nossas comunicações com você, na medida necessária para resolver o problema.";nao;1;1;;1;1;1;;1;1;;6;"a) Direito à informação

Você pode obter informações sobre seus dados processados por nós a qualquer momento, de acordo com o Art. 15 do GDPR. Em particular, você pode solicitar informações sobre as finalidades do processamento, as categorias de dados processados, as categorias de possíveis destinatários e o período de armazenamento planejado.

Você pode fazer valer seu direito usando os detalhes fornecidos em Contato.

b) Direito de retificação

Você tem o direito de solicitar a correção ou a complementação de seus dados armazenados por nós se os dados estiverem incorretos, de acordo com o Art. 16 do GDPR.

Você pode fazer valer seu direito usando os detalhes fornecidos em Contato.

c) Direito de cancelamento

De acordo com o Art. 17 do GDPR, você pode solicitar a exclusão dos dados se o armazenamento dos dados não for mais necessário e não houver outra base legal para o processamento. Você também pode solicitar a exclusão se tiver se oposto ao processamento e não houver motivos legítimos que prevaleçam para o processamento adicional de seus dados e se seus dados tiverem sido processados ilegalmente ou se houver uma obrigação legal de apagar os dados de acordo com a legislação nacional ou da UE.

Você pode fazer valer seu direito usando os detalhes fornecidos em Contato.

d) Direito à restrição

Além disso, você tem o direito de restringir o p";nao;0;coleta_internacional;;;;;;;0;"Seus dados pessoais serão processados dentro e fora da União Europeia (""UE"") e do Espaço Econômico Europeu (""EEE"") por nós ou pelas partes mencionadas na seção 1.4. Observação: se os seus dados forem transferidos do seu país de origem para outro país, as leis que protegem seus dados nesse país podem ser diferentes das leis do seu país (e podem garantir apenas um nível mais baixo de proteção). Por exemplo, as condições";nao;
grupomateus.com.br;corp;b7;Rotulagem/evidencia/grupomateus.com.br.txt;text;1;1;0;0;0;0;0;0;1;0;"ENCARREGADO OU DATA PROTECTION OFFICER (“DPO”) Em conformidade de acordo com o Artigo 41 da LGPD, o Grupo Mateus nomeou uma DPO, responsável pela proteção de dados pessoais e privacidade, capacitada e responsável por conduzir todas as atividades exigidas pela LGPD e pela ANPD, incluindo, mas sem se limitar a: 1. Aceitar reclamações e comunicações de Titulares dos dados, fornecer explicações e adotar medidas; 2. Receber comunicações da ANPD e adotar as medidas de proteção de dados necessárias; e 3. Orientar nossos funcionários e contratados sobre práticas a serem tomadas em relação à proteção de Dados Pessoais. Para dúvidas relacionadas ao tratamento de dados pessoais, você pode entrar em contato com a equipe responsável pela proteção de dados e privacidade, ou com o Encarregado do GRUPO MATEUS, Kerlen Nunes, por meio do e-mail: privacidade@grupomateus.com.br 
formulário DSR em https://dpo.privacytools.com.br/public_api/dsar/j0yNJGP80YpM6bm2hq2OZD3gRzHiavIHwhYhH2Fiyi__plus__Q12gsJwoggah1R1BJKTrv6IsOxq0zdzh1Syyj2T8uyA__equal____equal__/form.html";nao;TRUE;1;"Os dados são utilizados para emitir notas fiscais relativas às compras que você efetuar junto ao Grupo Mateus; Identificar e validar você ou seu representante na emissão de boletos, retirada de produtos adquiridos na modalidade take Away e/ou drive-thru; Identificar o titular nos pontos de venda para creditar em eventuais programas de benefícios, promoções e cashback; Segurança pessoal. Retirada de produtos no Balcão de Atacado Nome completo, CPF, e ndereço, telefone , biometria facial e foto do documento de identificação. O reconhecimento facial é utilizado para assegurar que o cliente é realmente o destinatário autorizado do produto, garantindo a segurança na entrega, prevenindo que terceiros não autorizados retirem produtos;";nao;1;1;1;1;1;1;1;1;1;1;9;"DIREITOS DOS TITULARES Por meio do FORMULÁRIO DE ATENDIMENTO AO TITULAR o Usuário poderá solicitar: I. confirmação da existência de tratamento; II. acesso aos seus dados pessoais tratados pelo GRUPO MATEUS; III. correção de dados incompletos, inexatos ou desatualizados; IV. anonimização, bloqueio ou eliminação de dados desnecessários, excessivos ou tratados em desconformidade com o disposto na LGPD; V. portabilidade dos dados a outro fornecedor de serviço ou produto, observados os segredos comercial e industrial; VI. eliminação dos dados pessoais tratados com seu consentimento; VII. informação das entidades públicas e privadas com as quais o GRUPO MATEUS realizou uso compartilhado de dados; VIII. informação sobre a possibilidade de não fornecer o seu consentimento; IX. revogação do consentimento (quando o tratamento se basear nessa hipótese legal); X. solicitar a revisão de decisões tomadas unicamente com base em tratamento automatizado de dados pessoais que afetem seus interesses, incluídas as decisões destinadas a definir o seu perfil pessoal, profissional, de consumo e de crédito ou os aspectos de sua personalidade.";nao;1;transferencia;0;1;0;0;0;0;1;TRANSFERÊNCIA INTERNACIONAL DE DADOS Os dados pessoais tratados em decorrência de nossos serviços poderão ser armazenados em nossos servidores localizados no Brasil, bem como em ambiente de uso de recursos ou servidores na nuvem ( cloud computing ), o que poderá exigir uma transferência de dados pessoais para fora do Brasil. Desse modo, embora estejamos alocados no Brasil e os Serviços e as Plataformas sejam destinados a pessoas localizadas no Brasil, aplicando-se, portanto, as leis brasileiras relacionadas à proteção de dados pessoais, o Grupo Mateus poderá realizar transferências internacionais destes dados para outros países, dentre eles Estados Unidos da América, Canadá e países pertencentes à União Europeia, a fim de realizar algumas das atividades envolvidas nos serviços prestados a você, bem como para poder obter informações que possam contribuir para o aperfeiçoamento dos nossos serviços. Em qualquer caso de compartilhamento com parceiros localizados em outros países, estabelecemos contratualmente que o parceiro tem o dever de manter o padrão de proteção de dados e segurança da informação compatível com esta política de privacidade, bem como da Lei 13.709/2018, a fim de que seus dados sejam sempre protegidos nestes termos.;nao;
sissifios.com.br;corp;b7;Rotulagem/evidencia/sissifios.com.br.txt;text;0;0;0;0;0;0;0;0;0;0;;nao;;1;"2. Utilização das informações: Para você, cliente, ter maior agilidade e segurança na hora de navegar, a Sissi Fios solicita alguns dados de caráter pessoal. A coleta dessas informações permite a adaptação do site às suas devidas necessidades, melhorando a performance de acesso nas navegações. A título de segurança, as nossas informações coletadas possuem as seguintes finalidades: - Compartilhar as informações pessoais com alguns prestadores de serviços particulares da Sissi Fios, tais como call centers, programas de fidelidade, intermediários de gestão de pagamentos e serviços de transporte; - Enviar para você algumas informações ou mensagens pelo e-mail cadastrado acerca de promoções, publicidades e ofertas da Sissi Fios; - Aperfeiçoar as nossas iniciativas comerciais e promocionais, a fim de melhorar todas as ofertas que oferecermos de determinados produtos; - Desenvolver estudos internos a respeito dos seus comportamentos e interesses; A Sissi Fios possui critérios rigorosos que colocam em prática a privacidade e segurança dos seus dados pessoais. Entretanto, nós não nos responsabilizamos por usos indevidos de algumas informações aqui prestadas.";nao;1;1;1;1;1;0;1;1;1;1;8;"5. Direitos como titular dos dados pessoais: Nós da [LOJA] priorizamos acima de tudo a transparência com seus dados informados. E além das informações aqui contidas, você também possui o direito em relação à LGPD, que é a Lei Geral de Proteção de Dados. Abaixo iremos listar alguns dos direitos que essa Lei oferece a você: - Revogação do consentimento; - Acesso aos dados pessoais; - Correção de dados incompletos, inexatos ou desatualizados; - Eliminação de dados pessoais tratados com o consentimento ou desnecessários, excessivos ou quando entender que algum ponto da LGPD não foi atendido; - Informação sobre as hipóteses e com quais empresas, parceiros e outras instituições podemos compartilhar, ou receber dados pessoais referentes a você; - Informação sobre a possibilidade de não fornecer consentimento e sobre as consequências da negativa, quando aplicável; - Todas as solicitações serão tratadas de forma gratuita, e serão submetidas a uma prévia avaliação da sua identidade e da viabilidade do atendimento, a fim de cumprir com eventuais obrigações que impeçam o completo atendimento das requisições dos titulares de direito; - Confirmação da existência de tratamento de dados pessoais.";nao;0;silencio;0;0;0;0;0;0;0;;nao;
empregasaojose.com.br;corp;b7;Rotulagem/evidencia/empregasaojose.com.br.txt;text;0;0;0;0;0;0;0;0;0;0;;nao;;0;;nao;0;0;0;0;0;0;0;0;0;0;0;;nao;0;silencio;0;0;0;0;0;0;0;;nao;Dentro da política de privacidade tem um link para a política de privacidade do Google, não para o detalhamento da política do próprio site 
webhaus.com.br;corp;b7;Rotulagem/evidencia/webhaus.com.br.txt;NA;0;0;0;0;0;0;0;0;0;0;;nao;;0;;nao;0;0;0;0;0;0;0;0;0;0;0;;nao;0;silencio;0;0;0;0;0;0;0;;nao;O site ignora a LGPD
acheipneus.com.br;corp;b7;Rotulagem/evidencia/acheipneus.com.br.txt;NA;0;0;0;0;0;0;0;0;0;0;;nao;;NA;;;NA;;;;;;;;;;0;;;NA;;;;;;;;0;;;"política é SPA, id=root; render capturado tem só a navegação, sem o corpo; URL correta mas conteúdo não renderizado"
biorebrasil.com.br;corp;b7;Rotulagem/evidencia/biorebrasil.com.br.txt;text;1;0;0;0;0;0;1;0;0;0;Se você tiver dúvidas sobre esta Política, entender que seus termos não estão sendo cumpridos ou tiver alguma questão sobre seus dados pessoais e/ou o tratamento realizado com eles, entre em contato conosco por meio do telefone (11) 3051-3526. Atenderemos sua solicitação, respeitados os termos da LGPD.;nao;;1;A empresa poderá utilizar seus dados pessoais para fornecer a você um atendimento ao cliente mais eficaz, para melhorar o site e torná-lo mais fácil de usar, para oferecer serviços a você, bem como para comunicar-se com você de maneira mais adequada, conforme sua preferência ou interesses particulares;nao;0;0;0;0;0;0;0;0;0;0;0;;nao;0;transferencia;0;0;0;0;0;0;0;O tratamento dos dados poderá exigir que haja compartilhamento dos seus dados com terceiros, bem como alocação dos dados fora do território nacional.;nao;
mysmartclinic.com.br;corp;b7;Rotulagem/evidencia/mysmartclinic.com.br.txt;NA;0;0;0;0;0;0;0;0;0;0;;nao;;NA;;;NA;;;;;;;;;;0;;;NA;;;;;;;;0;;;A política estava no link https://mysmartclinic.com.br/politica-de-privacidade/, mas não estava na evidência analizada
portalbnu.com.br;corp;b7;Rotulagem/evidencia/portalbnu.com.br.txt;NA;0;0;0;0;0;0;0;0;0;0;;nao;;0;;nao;NA;;;;;;;;;;0;;;NA;;;;;;;;0;;;O site não tem política de privacidade
porta80.com.br;corp;recollect;Rotulagem/evidencia/porta80.com.br.txt;NA;0;0;0;0;0;0;0;0;0;0;;nao;;NA;;;NA;;;;;;;;;;0;;;NA;;;;;;;;0;;;O site realmente não tem política de privacidade, mas o arquivo de evidência mostra erro na coleta
espaider.com.br;corp;b7;Rotulagem/evidencia/espaider.com.br.txt;text;1;0;1;0;0;0;1;0;0;1; FALE CONOSCO Após a leitura desta Política de Privacidade, caso o titular de dados tenha dúvidas ou precise contatar a Fácil sobre assuntos envolvendo os dados pessoais, o contato deve ser realizado pelos canais abaixo: Assunto: Segurança da Informação Endereço: R. Ângelo Dias nº 220,  Centro, Edificio George Buatim 4º Andar -Salas 404, 405 e 406 Blumenau – SC, CEP 89010-020 Central de relacionamento: +55 (47) 3328-2929 E-mail: encarregadodedados@facil.com.br Responsável: Departamento de Segurança da Informação ;nao;;1;"Finalidades para as quais os dados pessoais são utilizados: • Contato por e-mail para esclarecimento de dúvidas, envio de avisos, informativos, detalhes de negociações, configurações feitas em sistemas dos clientes, agendamento de reuniões, etc.; • Contato por telefone para urgências, dúvidas, atendimentos, agendamento de reuniões, etc.; • Para retornar ao interessado e responder eventuais dúvidas, estabelecer eventual negociação de seus produtos e serviços, emitir e enviar propostas e outros documentos com conteúdos a respeito de seus produtos e serviços";nao;1;0;1;1;1;0;0;1;0;0;4;"Considerações: • O titular dos dados pode solicitar à Fácil quais dados seus são armazenados por ela; • Caso o titular de dados identifique que algum dos seus dados pessoais está incorreto, deve solicitar a correção à Fácil. • Caso o titular de dados identifique que existem dados pessoais seus sendo tratados de forma desnecessária, em excesso ou em desconformidade com as legislações pertinentes (LGPD), deve solicitar à Fácil a regularização da situação. • O titular de dados pode solicitar à Fácil informações para constatar se houve compartilhamento de dados pessoais com outras empresas/pessoas/aplicações e se sim, quais. • O titular de dados pode solicitar à Fácil a eliminação dos dados, desde que constatado a não existência de risco legal e não haja legítimo interesse para tratamento. ";nao;1;transferencia;1;0;0;0;0;0;1;TRANSFERÊNCIA INTERNACIONAL DE DADOS PESSOAIS Para proporcionar funcionalidades avançadas, tais como resumos de documentos via ferramentas de Inteligência Artificial (IA) e reconhecimento de texto em imagens (OCR), é possível que dados pessoais sejam processados internacionalmente.;nao;
funerariasaojoao.com.br;corp;b7;Rotulagem/evidencia/funerariasaojoao.com.br.txt;text;0;0;0;0;0;0;0;0;0;0;;nao;;0;;nao;0;0;0;0;0;0;0;0;0;0;0;;nao;0;silencio;0;0;0;0;0;0;0;;;
davoiisp.com.br;corp;b7;Rotulagem/evidencia/davoiisp.com.br.txt;NA;0;0;0;0;0;0;0;0;0;0;;nao;;0;;nao;0;0;0;0;0;0;0;0;0;0;0;;nao;0;silencio;0;0;0;0;0;0;0;;nao;O site não tem aviso de privacidade
omnilink.com.br;corp;b7;Rotulagem/evidencia/omnilink.com.br.txt;text;1;1;0;0;0;0;0;0;0;0;O exercício de seus direitos poderá ser feito mediante o envio da solicitação para o e- mail:politica.privacidade@omnilink.com.br.;nao;;1;"4 . FINALIDADES DO TRATAMENTO DOS DADOS PESSOAIS Seus dados pessoais são tratados para as seguintes finalidades: (i) Identificar e autenticar os usuários de nossos ambientes virtuais; (ii) Cumprir as obrigações decorrentes dos contratos e acordos comerciais celebrados conosco; (iii) Entrar em contato com você para responder suas consultas, solicitações e dúvidas e enviar informações como parte de nossas atividades; (iv) Permitir que acionistas, investidores, instituições financeiras, imprensa e outros agentes relacionados à Omnilink tenham acesso aos demonstrativos de resultados, às emissões de debêntures e demais informações contábeis da empresa; (v) Verificar a proteção de nossos ambientes virtuais contra erros e fraudes; (vi) Realizar processos de recrutamento e seleção de colaboradores e manter banco de currículos de profissionais do mercado para participação em processos seletivos futuros; (vii) Cumprir obrigações legais e regulatórias; e (viii) Enviar nossas informações exclusivas sobre os lançamentos e as novidades da Omnilink.";nao;1;1;1;1;1;1;1;1;1;1;9;"9 . SEUS DIREITOS Garantimos que você possa exercer plenamente os seus direitos previstos na legislação de proteção de dados pessoais, de modo que você pode requerer, a qualquer momento: (i) A confirmação da existência de tratamento de seus dados pessoais; (ii) O acesso aos seus dados pessoais que armazenamos; (iii) A correção de dados pessoais incompletos, inexatos ou desatualizados; (iv) A anonimização, bloqueio ou eliminação de dados pessoais desnecessários, excessivos ou tratados em desconformidade com o disposto na LGPD, exceto nos casos em que a lei admitir a sua conservação; (v) A portabilidade dos dados pessoais a outro fornecedor de serviço ou produto, quando tecnicamente viável; (vi) A eliminação de dados pessoais que tenham sido tratados com o seu consentimento, exceto nos casos em que a lei admitir a sua conservação; (vii) A informação das entidades públicas e privadas com as quais compartilhamos seus dados; (viii) Informações sobre a possibilidade de não fornecer consentimento e sobre as consequências da negativa; e (ix) A revogação do consentimento, quando esta for a base legal para o tratamento de seus dados.";nao;0;silencio;0;0;0;0;0;0;0;;nao;
romabc.com.br;corp;b7;Rotulagem/evidencia/romabc.com.br.txt;NA;0;0;0;0;0;0;0;0;0;0;;nao;;0;;;0;0;0;0;0;0;0;0;0;0;0;;nao;0;silencio;0;0;0;0;0;0;0;;nao;O site não tem aviso de privacidade
seminovosmovida.com.br;corp;b7;Rotulagem/evidencia/seminovosmovida.com.br.txt;text;0;0;0;0;0;0;0;0;0;0;;nao;;0;;nao;0;;;;;;;;;;0;;nao;0;;;;;;;;0;;nao;A evidência não renderizou adequadamente a URL https://www.seminovosmovida.com.br/politica-privacidade
winco.com.br;corp;b7;Rotulagem/evidencia/winco.com.br.txt;text;0;0;0;0;0;0;0;0;0;0;Contato A Winco coloca-se a disposição para quaisquer esclarecimentos sobre nossa política de privacidade através da nossa página de contato;sim;FALSE;1;As informações pessoais que você incluir em algum formulário serão usadas apenas para o propósito exposto no formulário em questão, tais como contato e proposta de parceria ;nao;0;0;0;0;0;0;0;0;0;0;0;;nao;0;silencio;;;;;;;0;;nao;
dntbras.com.br;corp;b7;Rotulagem/evidencia/dntbras.com.br.txt;NA;NA;0;0;0;0;0;0;0;0;0;;;FALSE;NA;;;NA;;;;;;;;;;0;;;NA;;;;;;;;0;;;A evidência diz que o site não está publicado, mas eu acessei sem problemas
holeriteonline.com.br;corp;b7;Rotulagem/evidencia/holeriteonline.com.br.txt;;;;;;;;;;;;;;;;;;;;;;;;;;;;0;;;;;;;;;;;0;;;
cronoshare.com.br;corp;b7;Rotulagem/evidencia/cronoshare.com.br.txt;;;;;;;;;;;;;;;;;;;;;;;;;;;;0;;;;;;;;;;;0;;;
grupoip2.com.br;corp;b7;Rotulagem/evidencia/grupoip2.com.br.txt;;;;;;;;;;;;;;;;;;;;;;;;;;;;0;;;;;;;;;;;0;;;
uninove.br;corp;b7;Rotulagem/evidencia/uninove.br.txt;;;;;;;;;;;;;;;;;;;;;;;;;;;;0;;;;;;;;;;;0;;;
newstorerj.com.br;corp;b7;Rotulagem/evidencia/newstorerj.com.br.txt;;;;;;;;;;;;;;FALSE;;;;;;;;;;;;;;0;;;;;;;;;;;0;;;
seucondominio.com.br;corp;b7;Rotulagem/evidencia/seucondominio.com.br.txt;;;;;;;;;;;;;;;;;;;;;;;;;;;;0;;;;;;;;;;;0;;;
workbandalarga.com.br;corp;b7;Rotulagem/evidencia/workbandalarga.com.br.txt;;;;;;;;;;;;;;;;;;;;;;;;;;;;0;;;;;;;;;;;0;;;
estudeseg.com.br;corp;b7;Rotulagem/evidencia/estudeseg.com.br.txt;;;;;;;;;;;;;;;;;;;;;;;;;;;;0;;;;;;;;;;;0;;;
unc.br;corp;b7;Rotulagem/evidencia/unc.br.txt;;;;;;;;;;;;;;FALSE;;;;;;;;;;;;;;0;;;;;;;;;;;0;;;
telecomvirtual.com.br;corp;b7;Rotulagem/evidencia/telecomvirtual.com.br.txt;;;;;;;;;;;;;;;;;;;;;;;;;;;;0;;;;;;;;;;;0;;;
livralivro.com.br;corp;b7;Rotulagem/evidencia/livralivro.com.br.txt;;;;;;;;;;;;;;;;;;;;;;;;;;;;0;;;;;;;;;;;0;;;
fortatacadista.com.br;corp;b7;Rotulagem/evidencia/fortatacadista.com.br.txt;;;;;;;;;;;;;;;;;;;;;;;;;;;;0;;;;;;;;;;;0;;;
daypag.com.br;corp;b7;Rotulagem/evidencia/daypag.com.br.txt;;;;;;;;;;;;;;FALSE;;;;;;;;;;;;;;0;;;;;;;;;;;0;;;
mftelecom.net.br;corp;b7;Rotulagem/evidencia/mftelecom.net.br.txt;;;;;;;;;;;;;;FALSE;;;;;;;;;;;;;;0;;;;;;;;;;;0;;;
jgean.com.br;corp;b7;Rotulagem/evidencia/jgean.com.br.txt;;;;;;;;;;;;;;;;;;;;;;;;;;;;0;;;;;;;;;;;0;;;
maisconsultoria.com.br;corp;b7;Rotulagem/evidencia/maisconsultoria.com.br.txt;;;;;;;;;;;;;;;;;;;;;;;;;;;;0;;;;;;;;;;;0;;;
voetur.com.br;corp;b7;Rotulagem/evidencia/voetur.com.br.txt;;;;;;;;;;;;;;FALSE;;;;;;;;;;;;;;0;;;;;;;;;;;0;;;
acessodigital.com.br;corp;b7;Rotulagem/evidencia/acessodigital.com.br.txt;;;;;;;;;;;;;;;;;;;;;;;;;;;;0;;;;;;;;;;;0;;;
compraevolta.com.br;corp;b7;Rotulagem/evidencia/compraevolta.com.br.txt;;;;;;;;;;;;;;;;;;;;;;;;;;;;0;;;;;;;;;;;0;;;
serverconsignado.com.br;corp;b7;Rotulagem/evidencia/serverconsignado.com.br.txt;;;;;;;;;;;;;;;;;;;;;;;;;;;;0;;;;;;;;;;;0;;;
mimocrafts.com.br;corp;b7;Rotulagem/evidencia/mimocrafts.com.br.txt;;;;;;;;;;;;;;;;;;;;;;;;;;;;0;;;;;;;;;;;0;;;
alugoportemporada.com.br;corp;b7;Rotulagem/evidencia/alugoportemporada.com.br.txt;;;;;;;;;;;;;;FALSE;;;;;;;;;;;;;;0;;;;;;;;;;;0;;;
vitoriadaconquistanoticias.com.br;corp;b7;Rotulagem/evidencia/vitoriadaconquistanoticias.com.br.txt;;;;;;;;;;;;;;;;;;;;;;;;;;;;0;;;;;;;;;;;0;;;
iplaza.com.br;corp;b7;Rotulagem/evidencia/iplaza.com.br.txt;;;;;;;;;;;;;;FALSE;;;;;;;;;;;;;;0;;;;;;;;;;;0;;;
hisaleiloes.com.br;corp;b7;Rotulagem/evidencia/hisaleiloes.com.br.txt;;;;;;;;;;;;;;;;;;;;;;;;;;;;0;;;;;;;;;;;0;;;
ocorreio.com.br;corp;b7;Rotulagem/evidencia/ocorreio.com.br.txt;;;;;;;;;;;;;;FALSE;;;;;;;;;;;;;;0;;;;;;;;;;;0;;;
efoa.br;corp;recollect;Rotulagem/evidencia/efoa.br.txt;;;;;;;;;;;;;;;;;;;;;;;;;;;;0;;;;;;;;;;;0;;;
appclientefiel.com.br;corp;b7;Rotulagem/evidencia/appclientefiel.com.br.txt;;;;;;;;;;;;;;;;;;;;;;;;;;;;0;;;;;;;;;;;0;;;
propmark.com.br;corp;b7;Rotulagem/evidencia/propmark.com.br.txt;;;;;;;;;;;;;;;;;;;;;;;;;;;;0;;;;;;;;;;;0;;;
petlife.com.br;corp;b7;Rotulagem/evidencia/petlife.com.br.txt;;;;;;;;;;;;;;;;;;;;;;;;;;;;0;;;;;;;;;;;0;;;
onfly.com.br;corp;b7;Rotulagem/evidencia/onfly.com.br.txt;;;;;;;;;;;;;;TRUE;;;;;;;;;;;;;;0;;;;;;;;;;;0;;;
conexasaude.com.br;corp;b7;Rotulagem/evidencia/conexasaude.com.br.txt;;;;;;;;;;;;;;;;;;;;;;;;;;;;0;;;;;;;;;;;0;;;
lunacom.com.br;corp;b7;Rotulagem/evidencia/lunacom.com.br.txt;;;;;;;;;;;;;;INDISPONIVEL;;;;;;;;;;;;;;0;;;;;;;;;;;0;;;
nddigital.com.br;corp;b7;Rotulagem/evidencia/nddigital.com.br.txt;;;;;;;;;;;;;;TRUE;;;;;;;;;;;;;;0;;;;;;;;;;;0;;;
acelerati.com.br;corp;b7;Rotulagem/evidencia/acelerati.com.br.txt;;;;;;;;;;;;;;;;;;;;;;;;;;;;0;;;;;;;;;;;0;;;
ropek.com.br;corp;b7;Rotulagem/evidencia/ropek.com.br.txt;;;;;;;;;;;;;;;;;;;;;;;;;;;;0;;;;;;;;;;;0;;;
anglocursos.com.br;corp;b7;Rotulagem/evidencia/anglocursos.com.br.txt;;;;;;;;;;;;;;FALSE;;;;;;;;;;;;;;0;;;;;;;;;;;0;;;
lojaprohall.com.br;corp;b7;Rotulagem/evidencia/lojaprohall.com.br.txt;;;;;;;;;;;;;;;;;;;;;;;;;;;;0;;;;;;;;;;;0;;;
amazoniareal.com.br;corp;b7;Rotulagem/evidencia/amazoniareal.com.br.txt;;;;;;;;;;;;;;;;;;;;;;;;;;;;0;;;;;;;;;;;0;;;
yomu.com.br;corp;b7;Rotulagem/evidencia/yomu.com.br.txt;;;;;;;;;;;;;;;;;;;;;;;;;;;;0;;;;;;;;;;;0;;;
megagym.com.br;corp;b7;Rotulagem/evidencia/megagym.com.br.txt;;;;;;;;;;;;;;;;;;;;;;;;;;;;0;;;;;;;;;;;0;;;
arquidiocesedefortaleza.org.br;corp;b7;Rotulagem/evidencia/arquidiocesedefortaleza.org.br.txt;;;;;;;;;;;;;;;;;;;;;;;;;;;;0;;;;;;;;;;;0;;;
sistemalift1.com.br;corp;b7;Rotulagem/evidencia/sistemalift1.com.br.txt;;;;;;;;;;;;;;INDISPONIVEL;;;;;;;;;;;;;;0;;;;;;;;;;;0;;;
ezectech.com.br;corp;b7;Rotulagem/evidencia/ezectech.com.br.txt;;;;;;;;;;;;;;;;;;;;;;;;;;;;0;;;;;;;;;;;0;;;
nalisa.com.br;corp;b7;Rotulagem/evidencia/nalisa.com.br.txt;;;;;;;;;;;;;;;;;;;;;;;;;;;;0;;;;;;;;;;;0;;;
boadiversao.com.br;corp;b7;Rotulagem/evidencia/boadiversao.com.br.txt;;;;;;;;;;;;;;FALSE;;;;;;;;;;;;;;0;;;;;;;;;;;0;;;
monitormercantil.com.br;corp;b7;Rotulagem/evidencia/monitormercantil.com.br.txt;;;;;;;;;;;;;;;;;;;;;;;;;;;;0;;;;;;;;;;;0;;;
casadascercas.com.br;corp;b7;Rotulagem/evidencia/casadascercas.com.br.txt;;;;;;;;;;;;;;;;;;;;;;;;;;;;0;;;;;;;;;;;0;;;
alpinestarsbr.com.br;corp;b7;Rotulagem/evidencia/alpinestarsbr.com.br.txt;;;;;;;;;;;;;;;;;;;;;;;;;;;;0;;;;;;;;;;;0;;;
radiomaanaim.com.br;corp;b7;Rotulagem/evidencia/radiomaanaim.com.br.txt;;;;;;;;;;;;;;;;;;;;;;;;;;;;0;;;;;;;;;;;0;;;
esferaconstrucaoereforma.com.br;corp;b7;Rotulagem/evidencia/esferaconstrucaoereforma.com.br.txt;;;;;;;;;;;;;;;;;;;;;;;;;;;;0;;;;;;;;;;;0;;;
mediservice.com.br;corp;b7;Rotulagem/evidencia/mediservice.com.br.txt;;;;;;;;;;;;;;;;;;;;;;;;;;;;0;;;;;;;;;;;0;;;
paymee.com.br;corp;b7;Rotulagem/evidencia/paymee.com.br.txt;;;;;;;;;;;;;;;;;;;;;;;;;;;;0;;;;;;;;;;;0;;;
predize.com.br;corp;b7;Rotulagem/evidencia/predize.com.br.txt;;;;;;;;;;;;;;TRUE;;;;;;;;;;;;;;0;;;;;;;;;;;0;;;
appunimedvsf.com.br;corp;b7;Rotulagem/evidencia/appunimedvsf.com.br.txt;;;;;;;;;;;;;;;;;;;;;;;;;;;;0;;;;;;;;;;;0;;;
redacaonline.com.br;corp;b7;Rotulagem/evidencia/redacaonline.com.br.txt;;;;;;;;;;;;;;;;;;;;;;;;;;;;0;;;;;;;;;;;0;;;
ibpt.org.br;corp;b7;Rotulagem/evidencia/ibpt.org.br.txt;;;;;;;;;;;;;;;;;;;;;;;;;;;;0;;;;;;;;;;;0;;;
communicare.com.br;corp;b7;Rotulagem/evidencia/communicare.com.br.txt;;;;;;;;;;;;;;;;;;;;;;;;;;;;0;;;;;;;;;;;0;;;
sisdanca.com.br;corp;b7;Rotulagem/evidencia/sisdanca.com.br.txt;;;;;;;;;;;;;;FALSE;;;;;;;;;;;;;;0;;;;;;;;;;;0;;;
viajarbarato.com.br;corp;b7;Rotulagem/evidencia/viajarbarato.com.br.txt;;;;;;;;;;;;;;;;;;;;;;;;;;;;0;;;;;;;;;;;0;;;
kouda.com.br;corp;b7;(gerar) kouda.com.br.txt;;;;;;;;;;;;;;;;;;;;;;;;;;;;0;;;;;;;;;;;0;;;
getdemo.com.br;corp;b7;(gerar) getdemo.com.br.txt;;;;;;;;;;;;;;FALSE;;;;;;;;;;;;;;0;;;;;;;;;;;0;;;
americanas.com.br;corp;b7;(gerar) americanas.com.br.txt;;;;;;;;;;;;;;;;;;;;;;;;;;;;0;;;;;;;;;;;0;;;
fmcsv.org.br;corp;b7;(gerar) fmcsv.org.br.txt;;;;;;;;;;;;;;;;;;;;;;;;;;;;0;;;;;;;;;;;0;;;
brde.com.br;corp;b7;(gerar) brde.com.br.txt;;;;;;;;;;;;;;;;;;;;;;;;;;;;0;;;;;;;;;;;0;;;
consorciokawasakibrasil.com.br;corp;b7;(gerar) consorciokawasakibrasil.com.br.txt;;;;;;;;;;;;;;FALSE;;;;;;;;;;;;;;0;;;;;;;;;;;0;;;
qualidoc.com.br;corp;b7;(gerar) qualidoc.com.br.txt;;;;;;;;;;;;;;;;;;;;;;;;;;;;0;;;;;;;;;;;0;;;
fipe.org.br;corp;b7;(gerar) fipe.org.br.txt;;;;;;;;;;;;;;FALSE;;;;;;;;;;;;;;0;;;;;;;;;;;0;;;
trackjob.com.br;corp;b7;(gerar) trackjob.com.br.txt;;;;;;;;;;;;;;;;;;;;;;;;;;;;0;;;;;;;;;;;0;;;
zeroduvidas.com.br;corp;b7;(gerar) zeroduvidas.com.br.txt;;;;;;;;;;;;;;;;;;;;;;;;;;;;0;;;;;;;;;;;0;;;
alfaunipac.com.br;corp;b7;(gerar) alfaunipac.com.br.txt;;;;;;;;;;;;;;;;;;;;;;;;;;;;0;;;;;;;;;;;0;;;
vakinha.com.br;corp;b7;(gerar) vakinha.com.br.txt;;;;;;;;;;;;;;;;;;;;;;;;;;;;0;;;;;;;;;;;0;;;
brasscom.org.br;corp;b7;(gerar) brasscom.org.br.txt;;;;;;;;;;;;;;FALSE;;;;;;;;;;;;;;0;;;;;;;;;;;0;;;
futsalrj.com.br;corp;b7;(gerar) futsalrj.com.br.txt;;;;;;;;;;;;;;;;;;;;;;;;;;;;0;;;;;;;;;;;0;;;
stella.com.br;corp;b7;(gerar) stella.com.br.txt;;;;;;;;;;;;;;;;;;;;;;;;;;;;0;;;;;;;;;;;0;;;
harem69.com.br;corp;b7;(gerar) harem69.com.br.txt;;;;;;;;;;;;;;INCERTO;;;;;;;;;;;;;;0;;;;;;;;;;;0;;;
aprendebrasil.com.br;corp;b7;(gerar) aprendebrasil.com.br.txt;;;;;;;;;;;;;;;;;;;;;;;;;;;;0;;;;;;;;;;;0;;;
restaurantevinarium.com.br;corp;b7;(gerar) restaurantevinarium.com.br.txt;;;;;;;;;;;;;;FALSE;;;;;;;;;;;;;;0;;;;;;;;;;;0;;;
favaretoleiloes.com.br;corp;b7;(gerar) favaretoleiloes.com.br.txt;;;;;;;;;;;;;;;;;;;;;;;;;;;;0;;;;;;;;;;;0;;;
lingovideo.com.br;corp;b7;(gerar) lingovideo.com.br.txt;;;;;;;;;;;;;;;;;;;;;;;;;;;;0;;;;;;;;;;;0;;;
liquidostore.com.br;corp;b7;(gerar) liquidostore.com.br.txt;;;;;;;;;;;;;;;;;;;;;;;;;;;;0;;;;;;;;;;;0;;;
sdparking.com.br;corp;b7;(gerar) sdparking.com.br.txt;;;;;;;;;;;;;;INDISPONIVEL;;;;;;;;;;;;;;0;;;;;;;;;;;0;;;
smartlayer.net.br;corp;b7;(gerar) smartlayer.net.br.txt;;;;;;;;;;;;;;;;;;;;;;;;;;;;0;;;;;;;;;;;0;;;
pauapique.com.br;corp;b7;(gerar) pauapique.com.br.txt;;;;;;;;;;;;;;;;;;;;;;;;;;;;0;;;;;;;;;;;0;;;
paketa.com.br;corp;b7;(gerar) paketa.com.br.txt;;;;;;;;;;;;;;;;;;;;;;;;;;;;0;;;;;;;;;;;0;;;
freemeteo.com.br;corp;b7;(gerar) freemeteo.com.br.txt;;;;;;;;;;;;;;;;;;;;;;;;;;;;0;;;;;;;;;;;0;;;
sicdigital.com.br;corp;b7;(gerar) sicdigital.com.br.txt;;;;;;;;;;;;;;;;;;;;;;;;;;;;0;;;;;;;;;;;0;;;
uniaoquimica.com.br;corp;recollect;(gerar) uniaoquimica.com.br.txt;;;;;;;;;;;;;;;;;;;;;;;;;;;;0;;;;;;;;;;;0;;;
diariodolitoral.com.br;corp;b7;(gerar) diariodolitoral.com.br.txt;;;;;;;;;;;;;;;;;;;;;;;;;;;;0;;;;;;;;;;;0;;;
bellaenxovais.com.br;corp;b7;(gerar) bellaenxovais.com.br.txt;;;;;;;;;;;;;;;;;;;;;;;;;;;;0;;;;;;;;;;;0;;;
uffs.edu.br;corp;b7;(gerar) uffs.edu.br.txt;;;;;;;;;;;;;;;;;;;;;;;;;;;;0;;;;;;;;;;;0;;;
damie.com.br;corp;b7;(gerar) damie.com.br.txt;;;;;;;;;;;;;;FALSE;;;;;;;;;;;;;;0;;;;;;;;;;;0;;;
datanetlink.com.br;corp;b7;(gerar) datanetlink.com.br.txt;;;;;;;;;;;;;;;;;;;;;;;;;;;;0;;;;;;;;;;;0;;;
knnidiomas.com.br;corp;b7;(gerar) knnidiomas.com.br.txt;;;;;;;;;;;;;;;;;;;;;;;;;;;;0;;;;;;;;;;;0;;;
vhita.com.br;corp;b7;(gerar) vhita.com.br.txt;;;;;;;;;;;;;;FALSE;;;;;;;;;;;;;;0;;;;;;;;;;;0;;;
unicuritiba.edu.br;corp;b7;(gerar) unicuritiba.edu.br.txt;;;;;;;;;;;;;;;;;;;;;;;;;;;;0;;;;;;;;;;;0;;;
biglinux.com.br;corp;b7;(gerar) biglinux.com.br.txt;;;;;;;;;;;;;;FALSE;;;;;;;;;;;;;;0;;;;;;;;;;;0;;;
unicesumar.edu.br;corp;b7;(gerar) unicesumar.edu.br.txt;;;;;;;;;;;;;;;;;;;;;;;;;;;;0;;;;;;;;;;;0;;;
primaxonline.com.br;corp;recollect;(gerar) primaxonline.com.br.txt;;;;;;;;;;;;;;;;;;;;;;;;;;;;0;;;;;;;;;;;0;;;
appvendasplus.com.br;corp;b7;(gerar) appvendasplus.com.br.txt;;;;;;;;;;;;;;;;;;;;;;;;;;;;0;;;;;;;;;;;0;;;
conexaoincriveis.com.br;corp;b7;(gerar) conexaoincriveis.com.br.txt;;;;;;;;;;;;;;FALSE;;;;;;;;;;;;;;0;;;;;;;;;;;0;;;
suvinil.com.br;corp;b7;(gerar) suvinil.com.br.txt;;;;;;;;;;;;;;;;;;;;;;;;;;;;0;;;;;;;;;;;0;;;
mangasbrasuka.com.br;corp;b7;(gerar) mangasbrasuka.com.br.txt;;;;;;;;;;;;;;;;;;;;;;;;;;;;0;;;;;;;;;;;0;;;
meuollie.com.br;corp;b7;(gerar) meuollie.com.br.txt;;;;;;;;;;;;;;FALSE;;;;;;;;;;;;;;0;;;;;;;;;;;0;;;
topview.com.br;corp;b7;(gerar) topview.com.br.txt;;;;;;;;;;;;;;;;;;;;;;;;;;;;0;;;;;;;;;;;0;;;
jbcred.com.br;corp;recollect;(gerar) jbcred.com.br.txt;;;;;;;;;;;;;;;;;;;;;;;;;;;;0;;;;;;;;;;;0;;;
datastone.com.br;corp;b7;(gerar) datastone.com.br.txt;;;;;;;;;;;;;;;;;;;;;;;;;;;;0;;;;;;;;;;;0;;;
mc1.com.br;corp;recollect;(gerar) mc1.com.br.txt;;;;;;;;;;;;;;;;;;;;;;;;;;;;0;;;;;;;;;;;0;;;
unimedmaceio.com.br;corp;b7;(gerar) unimedmaceio.com.br.txt;;;;;;;;;;;;;;TRUE;;;;;;;;;;;;;;0;;;;;;;;;;;0;;;
rollingstone.com.br;corp;b7;(gerar) rollingstone.com.br.txt;;;;;;;;;;;;;;;;;;;;;;;;;;;;0;;;;;;;;;;;0;;;
fabrispuma.com.br;corp;b7;(gerar) fabrispuma.com.br.txt;;;;;;;;;;;;;;;;;;;;;;;;;;;;0;;;;;;;;;;;0;;;
domhelder.edu.br;corp;b7;(gerar) domhelder.edu.br.txt;;;;;;;;;;;;;;TRUE;;;;;;;;;;;;;;0;;;;;;;;;;;0;;;
icbsena.com.br;corp;b7;(gerar) icbsena.com.br.txt;;;;;;;;;;;;;;;;;;;;;;;;;;;;0;;;;;;;;;;;0;;;
farmabase.com.br;corp;b7;(gerar) farmabase.com.br.txt;;;;;;;;;;;;;;;;;;;;;;;;;;;;0;;;;;;;;;;;0;;;
yelumseguros.com.br;corp;b7;(gerar) yelumseguros.com.br.txt;;;;;;;;;;;;;;;;;;;;;;;;;;;;0;;;;;;;;;;;0;;;
mailworld.com.br;corp;b7;(gerar) mailworld.com.br.txt;;;;;;;;;;;;;;;;;;;;;;;;;;;;0;;;;;;;;;;;0;;;
gruppy.com.br;corp;b7;(gerar) gruppy.com.br.txt;;;;;;;;;;;;;;;;;;;;;;;;;;;;0;;;;;;;;;;;0;;;
tumelero.com.br;corp;b7;(gerar) tumelero.com.br.txt;;;;;;;;;;;;;;;;;;;;;;;;;;;;0;;;;;;;;;;;0;;;
broto.com.br;corp;b7;(gerar) broto.com.br.txt;;;;;;;;;;;;;;;;;;;;;;;;;;;;0;;;;;;;;;;;0;;;
asvezestem.com.br;corp;b7;(gerar) asvezestem.com.br.txt;;;;;;;;;;;;;;;;;;;;;;;;;;;;0;;;;;;;;;;;0;;;
ifsp.edu.br;corp;b7;(gerar) ifsp.edu.br.txt;;;;;;;;;;;;;;;;;;;;;;;;;;;;0;;;;;;;;;;;0;;;
sistemapoliedro.com.br;corp;b7;(gerar) sistemapoliedro.com.br.txt;;;;;;;;;;;;;;;;;;;;;;;;;;;;0;;;;;;;;;;;0;;;
elojob.com.br;corp;b7;(gerar) elojob.com.br.txt;;;;;;;;;;;;;;;;;;;;;;;;;;;;0;;;;;;;;;;;0;;;
danielgarcialeiloes.com.br;corp;b7;(gerar) danielgarcialeiloes.com.br.txt;;;;;;;;;;;;;;FALSE;;;;;;;;;;;;;;0;;;;;;;;;;;0;;;
uninorte.com.br;corp;b7;(gerar) uninorte.com.br.txt;;;;;;;;;;;;;;FALSE;;;;;;;;;;;;;;0;;;;;;;;;;;0;;;
temconsignado.com.br;corp;b7;(gerar) temconsignado.com.br.txt;;;;;;;;;;;;;;TRUE;;;;;;;;;;;;;;0;;;;;;;;;;;0;;;
netbiostele.com.br;corp;b7;(gerar) netbiostele.com.br.txt;;;;;;;;;;;;;;;;;;;;;;;;;;;;0;;;;;;;;;;;0;;;
bnews.com.br;corp;b7;(gerar) bnews.com.br.txt;;;;;;;;;;;;;;;;;;;;;;;;;;;;0;;;;;;;;;;;0;;;
hondaposvenda.com.br;corp;b7;(gerar) hondaposvenda.com.br.txt;;;;;;;;;;;;;;INDISPONIVEL;;;;;;;;;;;;;;0;;;;;;;;;;;0;;;
dcmais.com.br;corp;b7;(gerar) dcmais.com.br.txt;;;;;;;;;;;;;;;;;;;;;;;;;;;;0;;;;;;;;;;;0;;;
masternetrs.com.br;corp;b7;(gerar) masternetrs.com.br.txt;;;;;;;;;;;;;;;;;;;;;;;;;;;;0;;;;;;;;;;;0;;;
esportelandia.com.br;corp;b7;(gerar) esportelandia.com.br.txt;;;;;;;;;;;;;;;;;;;;;;;;;;;;0;;;;;;;;;;;0;;;
kickante.com.br;corp;b7;(gerar) kickante.com.br.txt;;;;;;;;;;;;;;FALSE;;;;;;;;;;;;;;0;;;;;;;;;;;0;;;
farmagerty.com.br;corp;b7;(gerar) farmagerty.com.br.txt;;;;;;;;;;;;;;;;;;;;;;;;;;;;0;;;;;;;;;;;0;;;
zuq.com.br;corp;b7;(gerar) zuq.com.br.txt;;;;;;;;;;;;;;;;;;;;;;;;;;;;0;;;;;;;;;;;0;;;
hdmix.com.br;corp;b7;(gerar) hdmix.com.br.txt;;;;;;;;;;;;;;;;;;;;;;;;;;;;0;;;;;;;;;;;0;;;
t4stecnologia.com.br;corp;b7;(gerar) t4stecnologia.com.br.txt;;;;;;;;;;;;;;TRUE;;;;;;;;;;;;;;0;;;;;;;;;;;0;;;
phbsolar.com.br;corp;b7;(gerar) phbsolar.com.br.txt;;;;;;;;;;;;;;;;;;;;;;;;;;;;0;;;;;;;;;;;0;;;
seiziguitars.com.br;corp;b7;(gerar) seiziguitars.com.br.txt;;;;;;;;;;;;;;;;;;;;;;;;;;;;0;;;;;;;;;;;0;;;
safeweb.com.br;corp;b7;(gerar) safeweb.com.br.txt;;;;;;;;;;;;;;TRUE;;;;;;;;;;;;;;0;;;;;;;;;;;0;;;
inss.gov.br;gov;recollect;(gerar) inss.gov.br.txt;;;;;;;;;;;;;;;;;;;;;;;;;;;;0;;;;;;;;;;;0;;;
tce.sp.gov.br;gov;b7;(gerar) tce.sp.gov.br.txt;;;;;;;;;;;;;;;;;;;;;;;;;;;;0;;;;;;;;;;;0;;;
gdfnet.df.gov.br;gov;b7;(gerar) gdfnet.df.gov.br.txt;;;;;;;;;;;;;;;;;;;;;;;;;;;;0;;;;;;;;;;;0;;;
dourados.ms.gov.br;gov;b7;(gerar) dourados.ms.gov.br.txt;;;;;;;;;;;;;;;;;;;;;;;;;;;;0;;;;;;;;;;;0;;;
marica.rj.gov.br;gov;b7;(gerar) marica.rj.gov.br.txt;;;;;;;;;;;;;;FALSE;;;;;;;;;;;;;;0;;;;;;;;;;;0;;;
cbtu.gov.br;gov;recollect;(gerar) cbtu.gov.br.txt;;;;;;;;;;;;;;;;;;;;;;;;;;;;0;;;;;;;;;;;0;;;
bertioga.sp.gov.br;gov;b7;(gerar) bertioga.sp.gov.br.txt;;;;;;;;;;;;;;;;;;;;;;;;;;;;0;;;;;;;;;;;0;;;
artesp.sp.gov.br;gov;b7;(gerar) artesp.sp.gov.br.txt;;;;;;;;;;;;;;;;;;;;;;;;;;;;0;;;;;;;;;;;0;;;
trilhasdefuturo.mg.gov.br;gov;recollect;(gerar) trilhasdefuturo.mg.gov.br.txt;;;;;;;;;;;;;;;;;;;;;;;;;;;;0;;;;;;;;;;;0;;;
pge.rn.gov.br;gov;recollect;(gerar) pge.rn.gov.br.txt;;;;;;;;;;;;;;TRUE;;;;;;;;;;;;;;0;;;;;;;;;;;0;;;
assistenciasocial.se.gov.br;gov;b7;(gerar) assistenciasocial.se.gov.br.txt;;;;;;;;;;;;;;;;;;;;;;;;;;;;0;;;;;;;;;;;0;;;
riobonito.rj.gov.br;gov;b7;(gerar) riobonito.rj.gov.br.txt;;;;;;;;;;;;;;;;;;;;;;;;;;;;0;;;;;;;;;;;0;;;
pousoalegre.mg.gov.br;gov;b7;(gerar) pousoalegre.mg.gov.br.txt;;;;;;;;;;;;;;FALSE;;;;;;;;;;;;;;0;;;;;;;;;;;0;;;
itaborai.rj.gov.br;gov;b7;(gerar) itaborai.rj.gov.br.txt;;;;;;;;;;;;;;;;;;;;;;;;;;;;0;;;;;;;;;;;0;;;
bombeiros.to.gov.br;gov;b7;(gerar) bombeiros.to.gov.br.txt;;;;;;;;;;;;;;;;;;;;;;;;;;;;0;;;;;;;;;;;0;;;
jornalminasgerais.mg.gov.br;gov;b7;(gerar) jornalminasgerais.mg.gov.br.txt;;;;;;;;;;;;;;;;;;;;;;;;;;;;0;;;;;;;;;;;0;;;
vlibras.gov.br;gov;b7;(gerar) vlibras.gov.br.txt;;;;;;;;;;;;;;;;;;;;;;;;;;;;0;;;;;;;;;;;0;;;
pjf.mg.gov.br;gov;b7;(gerar) pjf.mg.gov.br.txt;;;;;;;;;;;;;;;;;;;;;;;;;;;;0;;;;;;;;;;;0;;;
sei.rj.gov.br;gov;b7;(gerar) sei.rj.gov.br.txt;;;;;;;;;;;;;;;;;;;;;;;;;;;;0;;;;;;;;;;;0;;;
presidencia.gov.br;gov;b7;(gerar) presidencia.gov.br.txt;;;;;;;;;;;;;;;;;;;;;;;;;;;;0;;;;;;;;;;;0;;;
pmpr.pr.gov.br;gov;b7;(gerar) pmpr.pr.gov.br.txt;;;;;;;;;;;;;;;;;;;;;;;;;;;;0;;;;;;;;;;;0;;;
iti.gov.br;gov;b7;(gerar) iti.gov.br.txt;;;;;;;;;;;;;;;;;;;;;;;;;;;;0;;;;;;;;;;;0;;;
dioe.pr.gov.br;gov;recollect;(gerar) dioe.pr.gov.br.txt;;;;;;;;;;;;;;INDISPONIVEL;;;;;;;;;;;;;;0;;;;;;;;;;;0;;;
mogidascruzes.sp.gov.br;gov;b7;(gerar) mogidascruzes.sp.gov.br.txt;;;;;;;;;;;;;;;;;;;;;;;;;;;;0;;;;;;;;;;;0;;;
valinhos.sp.gov.br;gov;b7;(gerar) valinhos.sp.gov.br.txt;;;;;;;;;;;;;;;;;;;;;;;;;;;;0;;;;;;;;;;;0;;;
piauilink.pi.gov.br;gov;b7;(gerar) piauilink.pi.gov.br.txt;;;;;;;;;;;;;;TRUE;;;;;;;;;;;;;;0;;;;;;;;;;;0;;;
araruama.rj.gov.br;gov;b7;(gerar) araruama.rj.gov.br.txt;;;;;;;;;;;;;;;;;;;;;;;;;;;;0;;;;;;;;;;;0;;;
vreredesim.sp.gov.br;gov;b7;(gerar) vreredesim.sp.gov.br.txt;;;;;;;;;;;;;;;;;;;;;;;;;;;;0;;;;;;;;;;;0;;;
itapevi.sp.gov.br;gov;b7;(gerar) itapevi.sp.gov.br.txt;;;;;;;;;;;;;;TRUE;;;;;;;;;;;;;;0;;;;;;;;;;;0;;;
fala.sp.gov.br;gov;b7;(gerar) fala.sp.gov.br.txt;;;;;;;;;;;;;;;;;;;;;;;;;;;;0;;;;;;;;;;;0;;;
braganca.sp.gov.br;gov;b7;(gerar) braganca.sp.gov.br.txt;;;;;;;;;;;;;;FALSE;;;;;;;;;;;;;;0;;;;;;;;;;;0;;;
saogoncalo.rn.gov.br;gov;b7;(gerar) saogoncalo.rn.gov.br.txt;;;;;;;;;;;;;;TRUE;;;;;;;;;;;;;;0;;;;;;;;;;;0;;;
goiania.go.gov.br;gov;b7;(gerar) goiania.go.gov.br.txt;;;;;;;;;;;;;;;;;;;;;;;;;;;;0;;;;;;;;;;;0;;;
tcu.gov.br;gov;gov_supp;(gerar) tcu.gov.br.txt;;;;;;;;;;;;;;;;;;;;;;;;;;;;0;;;;;;;;;;;0;;;
cdhu.sp.gov.br;gov;gov_supp;(gerar) cdhu.sp.gov.br.txt;;;;;;;;;;;;;;;;;;;;;;;;;;;;0;;;;;;;;;;;0;;;
www.sc.gov.br;gov;gov_supp;(gerar) www.sc.gov.br.txt;;;;;;;;;;;;;;;;;;;;;;;;;;;;0;;;;;;;;;;;0;;;
educacao.go.gov.br;gov;gov_supp;(gerar) educacao.go.gov.br.txt;;;;;;;;;;;;;;;;;;;;;;;;;;;;0;;;;;;;;;;;0;;;
sefaz.rs.gov.br;gov;gov_supp;(gerar) sefaz.rs.gov.br.txt;;;;;;;;;;;;;;;;;;;;;;;;;;;;0;;;;;;;;;;;0;;;
cgu.gov.br;gov;gov_supp;(gerar) cgu.gov.br.txt;;;;;;;;;;;;;;TRUE;;;;;;;;;;;;;;0;;;;;;;;;;;0;;;
sigeduc.rn.gov.br;gov;gov_supp;(gerar) sigeduc.rn.gov.br.txt;;;;;;;;;;;;;;;;;;;;;;;;;;;;0;;;;;;;;;;;0;;;
