ordem,estrato,rank_tranco,dominio,url,aprovado
1,governamental,113131,dns1e.sp.gov.br,https://dns1e.sp.gov.br,
2,governamental,35244,e-docs.es.gov.br,https://e-docs.es.gov.br,
3,governamental,257771,campos.rj.gov.br,https://campos.rj.gov.br,
4,governamental,92168,detran.am.gov.br,https://detran.am.gov.br,
5,governamental,823116,qualificar.es.gov.br,https://qualificar.es.gov.br,
6,governamental,782587,etufor.ce.gov.br,https://etufor.ce.gov.br,
7,governamental,331064,funasa.gov.br,https://funasa.gov.br,
8,governamental,839074,transparencia.es.gov.br,https://transparencia.es.gov.br,
9,governamental,48731,incra.gov.br,https://incra.gov.br,
10,governamental,116574,agenciasp.sp.gov.br,https://agenciasp.sp.gov.br,
11,governamental,23754,proderj.rj.gov.br,https://proderj.rj.gov.br,
12,governamental,609874,denatran.gov.br,https://denatran.gov.br,
13,governamental,183309,palmas.to.gov.br,https://palmas.to.gov.br,
14,governamental,196701,jucesponline.sp.gov.br,https://jucesponline.sp.gov.br,
15,governamental,776819,delegaciavirtual.sc.gov.br,https://delegaciavirtual.sc.gov.br,
16,governamental,17787,consumidor.gov.br,https://consumidor.gov.br,
17,governamental,140365,aids.gov.br,https://aids.gov.br,
18,governamental,1218,acesso.gov.br,https://acesso.gov.br,
19,governamental,265703,meioambiente.mg.gov.br,https://meioambiente.mg.gov.br,
20,governamental,491619,tce.mt.gov.br,https://tce.mt.gov.br,
21,governamental,783056,expresso.se.gov.br,https://expresso.se.gov.br,
22,governamental,777520,diariooficial.ms.gov.br,https://diariooficial.ms.gov.br,
23,governamental,828668,sejuc.rn.gov.br,https://sejuc.rn.gov.br,
24,governamental,821883,produtoronline.rs.gov.br,https://produtoronline.rs.gov.br,
25,governamental,776757,defesaagropecuaria.sp.gov.br,https://defesaagropecuaria.sp.gov.br,
26,governamental,510486,taubate.sp.gov.br,https://taubate.sp.gov.br,
27,governamental,795300,ipsm.mg.gov.br,https://ipsm.mg.gov.br,
28,governamental,92162,detran.mt.gov.br,https://detran.mt.gov.br,
29,governamental,183914,fazenda.pr.gov.br,https://fazenda.pr.gov.br,
30,governamental,830595,sinop.mt.gov.br,https://sinop.mt.gov.br,
31,governamental,771554,celepar7.pr.gov.br,https://celepar7.pr.gov.br,
32,governamental,51574,antt.gov.br,https://antt.gov.br,
33,governamental,315041,cetesb.sp.gov.br,https://cetesb.sp.gov.br,
34,governamental,5940,planalto.gov.br,https://planalto.gov.br,
35,governamental,472391,cemaden.gov.br,https://cemaden.gov.br,
36,governamental,35260,sigeduc.rn.gov.br,https://sigeduc.rn.gov.br,
37,governamental,777107,desenbahia.ba.gov.br,https://desenbahia.ba.gov.br,
38,governamental,78832,anac.gov.br,https://anac.gov.br,
39,governamental,596080,fundacaocasa.sp.gov.br,https://fundacaocasa.sp.gov.br,
40,governamental,761585,amazonas.am.gov.br,https://amazonas.am.gov.br,
41,governamental,779515,e-compras.am.gov.br,https://e-compras.am.gov.br,
42,governamental,112350,iphan.gov.br,https://iphan.gov.br,
43,governamental,820718,politec.mt.gov.br,https://politec.mt.gov.br,
44,governamental,659350,seduc.pi.gov.br,https://seduc.pi.gov.br,
45,governamental,793811,igp.rs.gov.br,https://igp.rs.gov.br,
46,governamental,86599,paas.pr.gov.br,https://paas.pr.gov.br,
47,governamental,197615,susep.gov.br,https://susep.gov.br,
48,governamental,774391,consultaescolas.pr.gov.br,https://consultaescolas.pr.gov.br,
49,governamental,188238,cps.sp.gov.br,https://cps.sp.gov.br,
50,governamental,842197,valesocial.rj.gov.br,https://valesocial.rj.gov.br,
51,governamental,749472,www.sc.gov.br,https://www.sc.gov.br,
52,governamental,806230,mapacultural.pe.gov.br,https://mapacultural.pe.gov.br,
53,governamental,208612,teresina.pi.gov.br,https://teresina.pi.gov.br,
54,governamental,307189,seduc.mt.gov.br,https://seduc.mt.gov.br,
55,governamental,216675,pjc.mt.gov.br,https://pjc.mt.gov.br,
56,governamental,744976,sus.gov.br,https://sus.gov.br,
57,governamental,666004,paraiba.pb.gov.br,https://paraiba.pb.gov.br,
58,governamental,857307,rioprevidencia.rj.gov.br,https://rioprevidencia.rj.gov.br,
59,governamental,821467,precodahora.ba.gov.br,https://precodahora.ba.gov.br,
60,governamental,828414,sead.pi.gov.br,https://sead.pi.gov.br,
61,governamental,77413,jucemg.mg.gov.br,https://jucemg.mg.gov.br,
62,governamental,789931,guaruja.sp.gov.br,https://guaruja.sp.gov.br,
63,governamental,95770,antaq.gov.br,https://antaq.gov.br,
64,governamental,811040,muralhapaulista.sp.gov.br,https://muralhapaulista.sp.gov.br,
65,governamental,631601,lencoispaulista.sp.gov.br,https://lencoispaulista.sp.gov.br,
66,governamental,687817,dom.sc.gov.br,https://dom.sc.gov.br,
67,governamental,297413,policiacivil.mg.gov.br,https://policiacivil.mg.gov.br,
68,governamental,820434,pm.es.gov.br,https://pm.es.gov.br,
69,governamental,806772,matogrossodosul.pr.gov.br,https://matogrossodosul.pr.gov.br,
70,governamental,307942,educacao.pr.gov.br,https://educacao.pr.gov.br,
71,governamental,771323,cbm.ro.gov.br,https://cbm.ro.gov.br,
72,governamental,857591,celepar.pr.gov.br,https://celepar.pr.gov.br,
73,governamental,850457,ital.sp.gov.br,https://ital.sp.gov.br,
74,governamental,92589,empresafacil.pr.gov.br,https://empresafacil.pr.gov.br,
75,governamental,93832,maracanau.ce.gov.br,https://maracanau.ce.gov.br,
76,governamental,31768,anvisa.gov.br,https://anvisa.gov.br,
77,governamental,94121,pbdoc.pb.gov.br,https://pbdoc.pb.gov.br,
78,governamental,535161,pg.df.gov.br,https://pg.df.gov.br,
79,governamental,89720,sids.mg.gov.br,https://sids.mg.gov.br,
80,governamental,79785,curitiba.pr.gov.br,https://curitiba.pr.gov.br,
81,governamental,193254,ceara.gov.br,https://ceara.gov.br,
82,governamental,88124,www.mg.gov.br,https://www.mg.gov.br,
83,governamental,266520,lb-ns1.go.gov.br,https://lb-ns1.go.gov.br,
84,governamental,760114,aged.ma.gov.br,https://aged.ma.gov.br,
85,governamental,659072,presalpetroleo.gov.br,https://presalpetroleo.gov.br,
86,governamental,828758,semaepiracicaba.sp.gov.br,https://semaepiracicaba.sp.gov.br,
87,governamental,830589,sinj.df.gov.br,https://sinj.df.gov.br,
88,governamental,768684,bomdespacho.mg.gov.br,https://bomdespacho.mg.gov.br,
89,governamental,128369,sipros.pa.gov.br,https://sipros.pa.gov.br,
90,governamental,830906,sjdh.ba.gov.br,https://sjdh.ba.gov.br,
91,governamental,23780,sei.df.gov.br,https://sei.df.gov.br,
92,governamental,820440,pm.pr.gov.br,https://pm.pr.gov.br,
93,governamental,821070,portaldoservidor.ma.gov.br,https://portaldoservidor.ma.gov.br,
94,governamental,320896,portal.go.gov.br,https://portal.go.gov.br,
95,governamental,348073,cl.df.gov.br,https://cl.df.gov.br,
96,governamental,421580,mdr.gov.br,https://mdr.gov.br,
97,governamental,828638,sei.ro.gov.br,https://sei.ro.gov.br,
98,governamental,828670,sejusp.ms.gov.br,https://sejusp.ms.gov.br,
99,governamental,828639,seia.ba.gov.br,https://seia.ba.gov.br,
100,governamental,828429,seap.pb.gov.br,https://seap.pb.gov.br,
101,governamental,821109,portalsei.rj.gov.br,https://portalsei.rj.gov.br,
102,governamental,712749,duquedecaxias.rj.gov.br,https://duquedecaxias.rj.gov.br,
103,governamental,820444,pma.es.gov.br,https://pma.es.gov.br,
104,governamental,426174,camaracachoeira.rs.gov.br,https://camaracachoeira.rs.gov.br,
105,governamental,817403,paineldoaluno.ms.gov.br,https://paineldoaluno.ms.gov.br,
106,governamental,52924,agricultura.gov.br,https://agricultura.gov.br,
107,governamental,92373,portaldoservidor.mg.gov.br,https://portaldoservidor.mg.gov.br,
108,governamental,828473,seciju.to.gov.br,https://seciju.to.gov.br,
109,governamental,320352,idaron.ro.gov.br,https://idaron.ro.gov.br,
110,governamental,818535,peconsig.pe.gov.br,https://peconsig.pe.gov.br,
111,governamental,87568,doe.sp.gov.br,https://doe.sp.gov.br,
112,governamental,760832,alagoasdigital.al.gov.br,https://alagoasdigital.al.gov.br,
113,governamental,448861,londrina.pr.gov.br,https://londrina.pr.gov.br,
114,governamental,79878,inmetro.gov.br,https://inmetro.gov.br,
115,governamental,203519,notaparana.pr.gov.br,https://notaparana.pr.gov.br,
116,governamental,625859,cbm.sc.gov.br,https://cbm.sc.gov.br,
117,governamental,663168,al.ce.gov.br,https://al.ce.gov.br,
118,governamental,116189,icmbio.gov.br,https://icmbio.gov.br,
119,governamental,783421,facilita.al.gov.br,https://facilita.al.gov.br,
120,governamental,76390,recife.pe.gov.br,https://recife.pe.gov.br,
121,governamental,94393,sei.ac.gov.br,https://sei.ac.gov.br,
122,governamental,127006,fazenda.rj.gov.br,https://fazenda.rj.gov.br,
123,governamental,774660,corpodebombeiros.sp.gov.br,https://corpodebombeiros.sp.gov.br,
124,governamental,827915,saude.go.gov.br,https://saude.go.gov.br,
125,governamental,820465,pmpr.pr.gov.br,https://pmpr.pr.gov.br,
126,governamental,827922,saudecaruaru.pe.gov.br,https://saudecaruaru.pe.gov.br,
127,governamental,842179,valadares.mg.gov.br,https://valadares.mg.gov.br,
128,governamental,121879,parana.pr.gov.br,https://parana.pr.gov.br,
129,governamental,216607,pci.rn.gov.br,https://pci.rn.gov.br,
130,governamental,759786,administracao.pr.gov.br,https://administracao.pr.gov.br,
131,governamental,258320,ancine.gov.br,https://ancine.gov.br,
132,governamental,62428,tcu.gov.br,https://tcu.gov.br,
133,governamental,623449,sefaz.se.gov.br,https://sefaz.se.gov.br,
134,governamental,73839,guarulhos.sp.gov.br,https://guarulhos.sp.gov.br,
135,governamental,90296,jucesp.sp.gov.br,https://jucesp.sp.gov.br,
136,governamental,981682,nssefaz6.rj.gov.br,https://nssefaz6.rj.gov.br,
137,governamental,971078,cbtu.gov.br,https://cbtu.gov.br,
138,governamental,123965,sjc.sp.gov.br,https://sjc.sp.gov.br,
139,governamental,92539,sistemas.pa.gov.br,https://sistemas.pa.gov.br,
140,governamental,722207,eletrosul.gov.br,https://eletrosul.gov.br,
141,governamental,428349,sefaz.ce.gov.br,https://sefaz.ce.gov.br,
142,governamental,214657,ead.pr.gov.br,https://ead.pr.gov.br,
143,governamental,774235,conecta.pr.gov.br,https://conecta.pr.gov.br,
144,governamental,830634,siplag.ap.gov.br,https://siplag.ap.gov.br,
145,governamental,89417,detran.sc.gov.br,https://detran.sc.gov.br,
146,governamental,492751,sefaz.ms.gov.br,https://sefaz.ms.gov.br,
147,governamental,867114,mpdft.gov.br,https://mpdft.gov.br,
148,governamental,809914,mongagua.sp.gov.br,https://mongagua.sp.gov.br,
149,governamental,759670,adapec.to.gov.br,https://adapec.to.gov.br,
150,governamental,169420,dns3e.sp.gov.br,https://dns3e.sp.gov.br,
151,empresarial,383991,netdinheiro.com.br,https://netdinheiro.com.br,
152,empresarial,774268,confiance.com.br,https://confiance.com.br,
153,empresarial,987407,filmeb.com.br,https://filmeb.com.br,
154,empresarial,32647,opovo.com.br,https://opovo.com.br,
155,empresarial,512197,opresenterural.com.br,https://opresenterural.com.br,
156,empresarial,20444,worklabweb.com.br,https://worklabweb.com.br,
157,empresarial,504906,mundorh.com.br,https://mundorh.com.br,
158,empresarial,784131,feltrimcorrea.com.br,https://feltrimcorrea.com.br,
159,empresarial,69631,jornaldacidadeonline.com.br,https://jornaldacidadeonline.com.br,
160,empresarial,777073,derlo.com.br,https://derlo.com.br,
161,empresarial,933540,traca.com.br,https://traca.com.br,
162,empresarial,615470,fibrion.com.br,https://fibrion.com.br,
163,empresarial,189403,ifractal.com.br,https://ifractal.com.br,
164,empresarial,649124,creditaipu.com.br,https://creditaipu.com.br,
165,empresarial,805742,maisfidelidadevendedor.com.br,https://maisfidelidadevendedor.com.br,
166,empresarial,386300,geneaminas.com.br,https://geneaminas.com.br,
167,empresarial,328041,dreamcasa.com.br,https://dreamcasa.com.br,
168,empresarial,374829,cooperacoop.com.br,https://cooperacoop.com.br,
169,empresarial,825870,romanabolsas.com.br,https://romanabolsas.com.br,
170,empresarial,275345,cgdw.com.br,https://cgdw.com.br,
171,empresarial,587878,chapamotoparts.com.br,https://chapamotoparts.com.br,
172,empresarial,923487,cocel.com.br,https://cocel.com.br,
173,empresarial,329446,dekra.com.br,https://dekra.com.br,
174,empresarial,765769,barradoce.com.br,https://barradoce.com.br,
175,empresarial,715333,neggos.com.br,https://neggos.com.br,
176,empresarial,868850,radioculturafoz.com.br,https://radioculturafoz.com.br,
177,empresarial,49388,iob.com.br,https://iob.com.br,
178,empresarial,240734,ecomt4.com.br,https://ecomt4.com.br,
179,empresarial,517997,aa.org.br,https://aa.org.br,
180,empresarial,306469,uri.br,https://uri.br,
181,empresarial,829935,shoppingnovaiguacu.com.br,https://shoppingnovaiguacu.com.br,
182,empresarial,467088,fibralink.com.br,https://fibralink.com.br,
183,empresarial,875701,css-sistemas.com.br,https://css-sistemas.com.br,
184,empresarial,884190,oprimorico.com.br,https://oprimorico.com.br,
185,empresarial,326386,megaflash.com.br,https://megaflash.com.br,
186,empresarial,980996,canaverde.com.br,https://canaverde.com.br,
187,empresarial,154029,dmcardweb.com.br,https://dmcardweb.com.br,
188,empresarial,227095,cloud.srv.br,https://cloud.srv.br,
189,empresarial,62845,centralserver.com.br,https://centralserver.com.br,
190,empresarial,73539,cashbarber.com.br,https://cashbarber.com.br,
191,empresarial,284264,diariodecuiaba.com.br,https://diariodecuiaba.com.br,
192,empresarial,628329,hostwebsites.com.br,https://hostwebsites.com.br,
193,empresarial,410517,netturbo.com.br,https://netturbo.com.br,
194,empresarial,441075,ufcat.edu.br,https://ufcat.edu.br,
195,empresarial,105975,todosmoveis.com.br,https://todosmoveis.com.br,
196,empresarial,631056,utlinkprovedor.com.br,https://utlinkprovedor.com.br,
197,empresarial,601355,meritocomercial.com.br,https://meritocomercial.com.br,
198,empresarial,741035,axa-xl.com.br,https://axa-xl.com.br,
199,empresarial,806238,mapeia.com.br,https://mapeia.com.br,
200,empresarial,910865,fundacaobradesco.org.br,https://fundacaobradesco.org.br,
201,empresarial,684896,conexaoto.com.br,https://conexaoto.com.br,
202,empresarial,838924,tradersbrasil.com.br,https://tradersbrasil.com.br,
203,empresarial,609180,geq.com.br,https://geq.com.br,
204,empresarial,272615,mps.com.br,https://mps.com.br,
205,empresarial,996796,fcl.com.br,https://fcl.com.br,
206,empresarial,655226,cisoadvisor.com.br,https://cisoadvisor.com.br,
207,empresarial,566233,easylive.com.br,https://easylive.com.br,
208,empresarial,251498,eadunifatecie.com.br,https://eadunifatecie.com.br,
209,empresarial,599616,aspec.com.br,https://aspec.com.br,
210,empresarial,673716,belezanatural.com.br,https://belezanatural.com.br,
211,empresarial,28982,forbes.com.br,https://forbes.com.br,
212,empresarial,108012,unila.edu.br,https://unila.edu.br,
213,empresarial,719708,celite.com.br,https://celite.com.br,
214,empresarial,97046,mpf.mp.br,https://mpf.mp.br,
215,empresarial,854204,jbytes.com.br,https://jbytes.com.br,
216,empresarial,13890,fieltorcedor.com.br,https://fieltorcedor.com.br,
217,empresarial,790399,hachi8.com.br,https://hachi8.com.br,
218,empresarial,455216,sicoobnegocios.com.br,https://sicoobnegocios.com.br,
219,empresarial,746407,carters.com.br,https://carters.com.br,
220,empresarial,80874,saviatendimento.com.br,https://saviatendimento.com.br,
221,empresarial,606865,gigabytetelecon.com.br,https://gigabytetelecon.com.br,
222,empresarial,916660,inmetal.com.br,https://inmetal.com.br,
223,empresarial,821959,programasalao.com.br,https://programasalao.com.br,
224,empresarial,529202,voartelecom.com.br,https://voartelecom.com.br,
225,empresarial,777901,disktenha.com.br,https://disktenha.com.br,
226,empresarial,81572,lindacasa.com.br,https://lindacasa.com.br,
227,empresarial,552977,boahost.srv.br,https://boahost.srv.br,
228,empresarial,855201,pedb.com.br,https://pedb.com.br,
229,empresarial,100690,nipotech.com.br,https://nipotech.com.br,
230,empresarial,587161,prefeituramoderna.com.br,https://prefeituramoderna.com.br,
231,empresarial,829430,sgourmetweb.com.br,https://sgourmetweb.com.br,
232,empresarial,591691,bolsacalc.com.br,https://bolsacalc.com.br,
233,empresarial,829860,shopemme.com.br,https://shopemme.com.br,
234,empresarial,927926,wdcreative.com.br,https://wdcreative.com.br,
235,empresarial,276219,babaperto.com.br,https://babaperto.com.br,
236,empresarial,839159,tre-es.jus.br,https://tre-es.jus.br,
237,empresarial,537130,tupan.com.br,https://tupan.com.br,
238,empresarial,523230,donacharme.com.br,https://donacharme.com.br,
239,empresarial,771693,centroevolucao.com.br,https://centroevolucao.com.br,
240,empresarial,63905,decathlon.com.br,https://decathlon.com.br,
241,empresarial,659384,sitexpresso.com.br,https://sitexpresso.com.br,
242,empresarial,602716,vitatechsistemas.com.br,https://vitatechsistemas.com.br,
243,empresarial,892714,axa-cs.com.br,https://axa-cs.com.br,
244,empresarial,483757,opus-idc.com.br,https://opus-idc.com.br,
245,empresarial,797505,jonhdrop.com.br,https://jonhdrop.com.br,
246,empresarial,511145,ramarim.com.br,https://ramarim.com.br,
247,empresarial,215432,inovecfc.com.br,https://inovecfc.com.br,
248,empresarial,782698,eusoufam.com.br,https://eusoufam.com.br,
249,empresarial,76008,clarotvmais.com.br,https://clarotvmais.com.br,
250,empresarial,64440,atribuna.com.br,https://atribuna.com.br,
251,empresarial,802374,lazzulijoias.com.br,https://lazzulijoias.com.br,
252,empresarial,550080,caup.com.br,https://caup.com.br,
253,empresarial,504377,telecine.com.br,https://telecine.com.br,
254,empresarial,833651,storexppen.com.br,https://storexppen.com.br,
255,empresarial,673819,corridao.com.br,https://corridao.com.br,
256,empresarial,536610,attackshark.net.br,https://attackshark.net.br,
257,empresarial,688335,aguadecoco.com.br,https://aguadecoco.com.br,
258,empresarial,523824,digifred.net.br,https://digifred.net.br,
259,empresarial,852549,mktsimpliza.com.br,https://mktsimpliza.com.br,
260,empresarial,832129,sometimesonline.com.br,https://sometimesonline.com.br,
261,empresarial,353210,fag.edu.br,https://fag.edu.br,
262,empresarial,783886,fatorsistemas.com.br,https://fatorsistemas.com.br,
263,empresarial,434034,usjt.br,https://usjt.br,
264,empresarial,170746,cloudtec.srv.br,https://cloudtec.srv.br,
265,empresarial,849691,unasp.br,https://unasp.br,
266,empresarial,254728,instabuy.com.br,https://instabuy.com.br,
267,empresarial,777931,distribuidoraedwiges.com.br,https://distribuidoraedwiges.com.br,
268,empresarial,528551,micronetinfo.com.br,https://micronetinfo.com.br,
269,empresarial,774682,correiocentral.com.br,https://correiocentral.com.br,
270,empresarial,197758,warnerbros.com.br,https://warnerbros.com.br,
271,empresarial,613872,ariastelecom.com.br,https://ariastelecom.com.br,
272,empresarial,132970,drogariavenancio.com.br,https://drogariavenancio.com.br,
273,empresarial,803863,loginsiscon.com.br,https://loginsiscon.com.br,
274,empresarial,794169,imobiliariaato.com.br,https://imobiliariaato.com.br,
275,empresarial,203898,jovemnerd.com.br,https://jovemnerd.com.br,
276,empresarial,501315,realoficial.com.br,https://realoficial.com.br,
277,empresarial,45998,adidas.com.br,https://adidas.com.br,
278,empresarial,841190,unimedguarapuava.coop.br,https://unimedguarapuava.coop.br,
279,empresarial,953313,eventiza.com.br,https://eventiza.com.br,
280,empresarial,780448,educafacilonline.com.br,https://educafacilonline.com.br,
281,empresarial,176879,gru.com.br,https://gru.com.br,
282,empresarial,744795,primeirainfanciaemdados.org.br,https://primeirainfanciaemdados.org.br,
283,empresarial,433459,firstapps.com.br,https://firstapps.com.br,
284,empresarial,848933,zero7.com.br,https://zero7.com.br,
285,empresarial,71232,mevo.com.br,https://mevo.com.br,
286,empresarial,673809,clubedoremo.com.br,https://clubedoremo.com.br,
287,empresarial,35568,nuvemshop.com.br,https://nuvemshop.com.br,
288,empresarial,375640,tigre.com.br,https://tigre.com.br,
289,empresarial,775658,cursosfr.com.br,https://cursosfr.com.br,
290,empresarial,214690,educacao.aju.br,https://educacao.aju.br,
291,empresarial,815137,ofertasmaiscupons.com.br,https://ofertasmaiscupons.com.br,
292,empresarial,487796,brasilgameshow.com.br,https://brasilgameshow.com.br,
293,empresarial,858066,riomarrecife.com.br,https://riomarrecife.com.br,
294,empresarial,646204,sitenamedida.com.br,https://sitenamedida.com.br,
295,empresarial,571618,hipercapbrasil.com.br,https://hipercapbrasil.com.br,
296,empresarial,339254,sic.tec.br,https://sic.tec.br,
297,empresarial,872173,bilink.com.br,https://bilink.com.br,
298,empresarial,720907,unifil.br,https://unifil.br,
299,empresarial,114078,uninga.br,https://uninga.br,
300,empresarial,21229,jadlog.com.br,https://jadlog.com.br,
301,empresarial,609384,ole.net.br,https://ole.net.br,
302,empresarial,82609,rsdata.com.br,https://rsdata.com.br,
303,empresarial,878159,webdrones.com.br,https://webdrones.com.br,
304,empresarial,949026,fcf.com.br,https://fcf.com.br,
305,empresarial,704315,uniunica.edu.br,https://uniunica.edu.br,
306,empresarial,436264,agrishow.com.br,https://agrishow.com.br,
307,empresarial,601406,mixed.com.br,https://mixed.com.br,
308,empresarial,643571,4networks.com.br,https://4networks.com.br,
309,empresarial,763979,atakarejo.com.br,https://atakarejo.com.br,
310,empresarial,710031,bigcupom.com.br,https://bigcupom.com.br,
311,empresarial,77402,recreio.com.br,https://recreio.com.br,
312,empresarial,825969,rosaazulkids.com.br,https://rosaazulkids.com.br,
313,empresarial,143359,uern.br,https://uern.br,
314,empresarial,776899,deltasul.com.br,https://deltasul.com.br,
315,empresarial,949361,savwinweb1.com.br,https://savwinweb1.com.br,
316,empresarial,771292,cavucar.com.br,https://cavucar.com.br,
317,empresarial,318511,romanceperfeito.com.br,https://romanceperfeito.com.br,
318,empresarial,594714,aime.com.br,https://aime.com.br,
319,empresarial,737405,desenvolvimentodesites.art.br,https://desenvolvimentodesites.art.br,
320,empresarial,618484,gbtls.com.br,https://gbtls.com.br,
321,empresarial,243112,armazemdc.com.br,https://armazemdc.com.br,
322,empresarial,151237,casaplusloja.com.br,https://casaplusloja.com.br,
323,empresarial,486297,futurotec.com.br,https://futurotec.com.br,
324,empresarial,780342,edgarcarvalholeiloeiro.com.br,https://edgarcarvalholeiloeiro.com.br,
325,empresarial,406681,computec.net.br,https://computec.net.br,
326,empresarial,835214,tabuadademultiplicar.com.br,https://tabuadademultiplicar.com.br,
327,empresarial,764979,azzaparfums.com.br,https://azzaparfums.com.br,
328,empresarial,794773,inovaveterinaria.com.br,https://inovaveterinaria.com.br,
329,empresarial,852181,agoradiario.com.br,https://agoradiario.com.br,
330,empresarial,122050,vptrack.com.br,https://vptrack.com.br,
331,empresarial,129188,amorsaude.com.br,https://amorsaude.com.br,
332,empresarial,825468,riomeddistribuicao.com.br,https://riomeddistribuicao.com.br,
333,empresarial,93063,conexaomadura.com.br,https://conexaomadura.com.br,
334,empresarial,448179,blz.com.br,https://blz.com.br,
335,empresarial,852589,optjuntos.com.br,https://optjuntos.com.br,
336,empresarial,595123,ipasgosaude.com.br,https://ipasgosaude.com.br,
337,empresarial,455005,sistemaasgard.com.br,https://sistemaasgard.com.br,
338,empresarial,774878,cplug.com.br,https://cplug.com.br,
339,empresarial,260998,seucreditodigital.com.br,https://seucreditodigital.com.br,
340,empresarial,321736,mgptelecom.com.br,https://mgptelecom.com.br,
341,empresarial,58486,vivara.com.br,https://vivara.com.br,
342,empresarial,108728,mailinbox.com.br,https://mailinbox.com.br,
343,empresarial,683752,rubeus.com.br,https://rubeus.com.br,
344,empresarial,892264,avancar.com.br,https://avancar.com.br,
345,empresarial,477584,livecareer.com.br,https://livecareer.com.br,
346,empresarial,284607,neeche.com.br,https://neeche.com.br,
347,empresarial,851310,sbgg.org.br,https://sbgg.org.br,
348,empresarial,277303,delirio.com.br,https://delirio.com.br,
349,empresarial,457562,h2club.com.br,https://h2club.com.br,
350,empresarial,326227,maisesports.com.br,https://maisesports.com.br,
351,empresarial,487912,vipvilhena.com.br,https://vipvilhena.com.br,
352,empresarial,886030,sorasa.com.br,https://sorasa.com.br,
353,empresarial,771388,ccfonline.com.br,https://ccfonline.com.br,
354,empresarial,700563,animefriends.com.br,https://animefriends.com.br,
355,empresarial,734364,dabrasa.com.br,https://dabrasa.com.br,
356,empresarial,763882,astransp.com.br,https://astransp.com.br,
357,empresarial,82521,stz.com.br,https://stz.com.br,
358,empresarial,540202,cupomverde.com.br,https://cupomverde.com.br,
359,empresarial,446611,agenciasus.org.br,https://agenciasus.org.br,
360,empresarial,19330,brainly.com.br,https://brainly.com.br,
361,empresarial,711792,touti.com.br,https://touti.com.br,
362,empresarial,658094,newgrouptelecom.com.br,https://newgrouptelecom.com.br,
363,empresarial,824160,rbtv.com.br,https://rbtv.com.br,
364,empresarial,237853,vfleets.com.br,https://vfleets.com.br,
365,empresarial,240156,otimoonline.com.br,https://otimoonline.com.br,
366,empresarial,773756,coelhinhadobrasil.com.br,https://coelhinhadobrasil.com.br,
367,empresarial,600109,dia.com.br,https://dia.com.br,
368,empresarial,319968,contedu.com.br,https://contedu.com.br,
369,empresarial,179149,flashnetbrasil.com.br,https://flashnetbrasil.com.br,
370,empresarial,814368,novolog.com.br,https://novolog.com.br,
371,empresarial,778279,doc2you.com.br,https://doc2you.com.br,
372,empresarial,797889,jumbocdp.com.br,https://jumbocdp.com.br,
373,empresarial,243961,apisul.com.br,https://apisul.com.br,
374,empresarial,651943,host4.net.br,https://host4.net.br,
375,empresarial,816473,oresultado.com.br,https://oresultado.com.br,
376,empresarial,820015,planetun.com.br,https://planetun.com.br,
377,empresarial,795389,irmaosdotados.com.br,https://irmaosdotados.com.br,
378,empresarial,165587,naotempreco.com.br,https://naotempreco.com.br,
379,empresarial,271187,mgttelecom.com.br,https://mgttelecom.com.br,
380,empresarial,829097,sescmatogrosso.com.br,https://sescmatogrosso.com.br,
381,empresarial,70101,mercadocar.com.br,https://mercadocar.com.br,
382,empresarial,525450,sisprocloud.com.br,https://sisprocloud.com.br,
383,empresarial,234245,goomer.com.br,https://goomer.com.br,
384,empresarial,196713,filmesporno.com.br,https://filmesporno.com.br,
385,empresarial,186493,useange.com.br,https://useange.com.br,
386,empresarial,89517,cgn.inf.br,https://cgn.inf.br,
387,empresarial,864046,ssmtelecom.com.br,https://ssmtelecom.com.br,
388,empresarial,332216,elaw.com.br,https://elaw.com.br,
389,empresarial,260730,futebolpaulista.com.br,https://futebolpaulista.com.br,
390,empresarial,948815,andromedbrasil.com.br,https://andromedbrasil.com.br,
391,empresarial,808050,mestresmisticos.com.br,https://mestresmisticos.com.br,
392,empresarial,480249,fisco.net.br,https://fisco.net.br,
393,empresarial,636143,iplaza.com.br,https://iplaza.com.br,
394,empresarial,830580,singularmedicamentos.com.br,https://singularmedicamentos.com.br,
395,empresarial,382176,giss.com.br,https://giss.com.br,
396,empresarial,728142,quadritelecom.net.br,https://quadritelecom.net.br,
397,empresarial,217239,sexocomcafe.com.br,https://sexocomcafe.com.br,
398,empresarial,190718,unifael.edu.br,https://unifael.edu.br,
399,empresarial,337211,maxistelecom.com.br,https://maxistelecom.com.br,
400,empresarial,986217,arcohosting.com.br,https://arcohosting.com.br,
401,empresarial,266067,ifcdns.com.br,https://ifcdns.com.br,
402,empresarial,722893,4music.com.br,https://4music.com.br,
403,empresarial,296625,canalsolar.com.br,https://canalsolar.com.br,
404,empresarial,632640,portaldarevisao99.com.br,https://portaldarevisao99.com.br,
405,empresarial,95589,life.com.br,https://life.com.br,
406,empresarial,536718,glam.com.br,https://glam.com.br,
407,empresarial,538908,acontecendoaqui.com.br,https://acontecendoaqui.com.br,
408,empresarial,78954,legisweb.com.br,https://legisweb.com.br,
409,empresarial,841147,unieduk.com.br,https://unieduk.com.br,
410,empresarial,964430,wdstelecom.com.br,https://wdstelecom.com.br,
411,empresarial,775636,curriculointerativo.com.br,https://curriculointerativo.com.br,
412,empresarial,951658,divinosilva.com.br,https://divinosilva.com.br,
413,empresarial,308075,anpad.org.br,https://anpad.org.br,
414,empresarial,574714,trilhaseaventuras.com.br,https://trilhaseaventuras.com.br,
415,empresarial,899277,gobrax.com.br,https://gobrax.com.br,
416,empresarial,452366,gilix.com.br,https://gilix.com.br,
417,empresarial,818912,pestsysspider.com.br,https://pestsysspider.com.br,
418,empresarial,509511,docol.com.br,https://docol.com.br,
419,empresarial,85050,webprestador.com.br,https://webprestador.com.br,
420,empresarial,623178,fasa.edu.br,https://fasa.edu.br,
421,empresarial,466809,anhangueraferramentas.com.br,https://anhangueraferramentas.com.br,
422,empresarial,286373,sinaldoceu.com.br,https://sinaldoceu.com.br,
423,empresarial,649442,ortrossolucoes.com.br,https://ortrossolucoes.com.br,
424,empresarial,388618,ecliente2.com.br,https://ecliente2.com.br,
425,empresarial,362122,spdconnect.net.br,https://spdconnect.net.br,
426,empresarial,829119,setecrm.com.br,https://setecrm.com.br,
427,empresarial,745728,vinilrecords.com.br,https://vinilrecords.com.br,
428,empresarial,143544,hojeemdia.com.br,https://hojeemdia.com.br,
429,empresarial,797689,jrosapromocoes.com.br,https://jrosapromocoes.com.br,
430,empresarial,288465,gdlp.com.br,https://gdlp.com.br,
431,empresarial,518099,agenciawolf.com.br,https://agenciawolf.com.br,
432,empresarial,349370,geap.org.br,https://geap.org.br,
433,empresarial,859766,essemundoenosso.com.br,https://essemundoenosso.com.br,
434,empresarial,511006,correspondentedinamico.com.br,https://correspondentedinamico.com.br,
435,empresarial,81062,hdi.com.br,https://hdi.com.br,
436,empresarial,555473,msconcursos.com.br,https://msconcursos.com.br,
437,empresarial,141436,queroquero.com.br,https://queroquero.com.br,
438,empresarial,616152,luandre.com.br,https://luandre.com.br,
439,empresarial,708483,bestbuytravel.com.br,https://bestbuytravel.com.br,
440,empresarial,566331,simgo.net.br,https://simgo.net.br,
441,empresarial,985577,se77e.com.br,https://se77e.com.br,
442,empresarial,186811,credlineitau.com.br,https://credlineitau.com.br,
443,empresarial,358786,e-deploy.com.br,https://e-deploy.com.br,
444,empresarial,737616,consyste.com.br,https://consyste.com.br,
445,empresarial,4935,bradesco.com.br,https://bradesco.com.br,
446,empresarial,801669,labmm.com.br,https://labmm.com.br,
447,empresarial,603315,sinctronix4u.org.br,https://sinctronix4u.org.br,
448,empresarial,439480,to.def.br,https://to.def.br,
449,empresarial,140978,ifrj.edu.br,https://ifrj.edu.br,
450,empresarial,303374,pravaler.com.br,https://pravaler.com.br,
451,empresarial,210508,unimedguarulhos.coop.br,https://unimedguarulhos.coop.br,
452,empresarial,636786,technobytes.com.br,https://technobytes.com.br,
453,empresarial,584419,b2breservas.com.br,https://b2breservas.com.br,
454,empresarial,981846,cpc.org.br,https://cpc.org.br,
455,empresarial,112903,encurtador.com.br,https://encurtador.com.br,
456,empresarial,142734,sobreip.com.br,https://sobreip.com.br,
457,empresarial,410981,pedidook.com.br,https://pedidook.com.br,
458,empresarial,575332,soldiersnutrition.com.br,https://soldiersnutrition.com.br,
459,empresarial,815279,ohanakameala.com.br,https://ohanakameala.com.br,
460,empresarial,600599,gruposofape.com.br,https://gruposofape.com.br,
461,empresarial,632626,personalmedonline.com.br,https://personalmedonline.com.br,
462,empresarial,869605,jjnetweb.com.br,https://jjnetweb.com.br,
463,empresarial,632510,kiaga.com.br,https://kiaga.com.br,
464,empresarial,954747,plastserver.com.br,https://plastserver.com.br,
465,empresarial,227062,faap.br,https://faap.br,
466,empresarial,726137,diplan.com.br,https://diplan.com.br,
467,empresarial,598791,condominiothomasstarzl.com.br,https://condominiothomasstarzl.com.br,
468,empresarial,657182,inmedia.com.br,https://inmedia.com.br,
469,empresarial,364117,autodromo.com.br,https://autodromo.com.br,
470,empresarial,540241,ddatelecom.com.br,https://ddatelecom.com.br,
471,empresarial,339890,segurospromo.com.br,https://segurospromo.com.br,
472,empresarial,852595,oystr.com.br,https://oystr.com.br,
473,empresarial,946141,grupoexaw.com.br,https://grupoexaw.com.br,
474,empresarial,695521,dhnet.org.br,https://dhnet.org.br,
475,empresarial,589862,videosdesexo.com.br,https://videosdesexo.com.br,
476,empresarial,664590,coopdrogaria.com.br,https://coopdrogaria.com.br,
477,empresarial,808430,michaelkors.com.br,https://michaelkors.com.br,
478,empresarial,301401,evas.com.br,https://evas.com.br,
479,empresarial,26267,econodata.com.br,https://econodata.com.br,
480,empresarial,656036,banqi.com.br,https://banqi.com.br,
481,empresarial,67498,mgfimoveis.com.br,https://mgfimoveis.com.br,
482,empresarial,71210,sabin.com.br,https://sabin.com.br,
483,empresarial,776903,delupo.com.br,https://delupo.com.br,
484,empresarial,44102,sescsp.org.br,https://sescsp.org.br,
485,empresarial,283450,fg.com.br,https://fg.com.br,
486,empresarial,912409,webstorage.net.br,https://webstorage.net.br,
487,empresarial,621329,beneficiofacil.com.br,https://beneficiofacil.com.br,
488,empresarial,294040,jcatlm.com.br,https://jcatlm.com.br,
489,empresarial,872601,wca-telecom.com.br,https://wca-telecom.com.br,
490,empresarial,100102,dataroyal.com.br,https://dataroyal.com.br,
491,empresarial,430733,jornaldanova.com.br,https://jornaldanova.com.br,
492,empresarial,308845,faarte.com.br,https://faarte.com.br,
493,empresarial,530657,atosoficiais.com.br,https://atosoficiais.com.br,
494,empresarial,599572,apologeta.com.br,https://apologeta.com.br,
495,empresarial,806920,maxiferramentas.com.br,https://maxiferramentas.com.br,
496,empresarial,839187,treineipassei.com.br,https://treineipassei.com.br,
497,empresarial,489452,edicoescnbb.com.br,https://edicoescnbb.com.br,
498,empresarial,160377,cora.com.br,https://cora.com.br,
499,empresarial,183235,totvscloud.com.br,https://totvscloud.com.br,
500,empresarial,560245,edenevaldoalves.com.br,https://edenevaldoalves.com.br,
501,empresarial,183937,ifpb.edu.br,https://ifpb.edu.br,
502,empresarial,584323,mppr.mp.br,https://mppr.mp.br,
503,empresarial,108492,cenprotnacional.org.br,https://cenprotnacional.org.br,
504,empresarial,599968,condominiodedicado.com.br,https://condominiodedicado.com.br,
505,empresarial,88472,certificacaotecnica.com.br,https://certificacaotecnica.com.br,
506,empresarial,329445,crefazon.com.br,https://crefazon.com.br,
507,empresarial,452729,braxtel.com.br,https://braxtel.com.br,
508,empresarial,320393,investfinance.com.br,https://investfinance.com.br,
509,empresarial,597298,jobijoba.com.br,https://jobijoba.com.br,
510,empresarial,985891,blips.com.br,https://blips.com.br,
511,empresarial,544475,tascom.com.br,https://tascom.com.br,
512,empresarial,883659,hostfive.com.br,https://hostfive.com.br,
513,empresarial,810295,moveisripke.com.br,https://moveisripke.com.br,
514,empresarial,748619,sold.com.br,https://sold.com.br,
515,empresarial,763816,assist.org.br,https://assist.org.br,
516,empresarial,276526,diabetes.org.br,https://diabetes.org.br,
517,empresarial,501356,datacaixa.com.br,https://datacaixa.com.br,
518,empresarial,518905,microxisto.com.br,https://microxisto.com.br,
519,empresarial,36699,afilio.com.br,https://afilio.com.br,
520,empresarial,355459,mutua.com.br,https://mutua.com.br,
521,empresarial,333542,cbv.com.br,https://cbv.com.br,
522,empresarial,841763,usetrico.com.br,https://usetrico.com.br,
523,empresarial,271105,curtivendi.com.br,https://curtivendi.com.br,
524,empresarial,120333,pbconsignado.com.br,https://pbconsignado.com.br,
525,empresarial,719591,traineewow.com.br,https://traineewow.com.br,
526,empresarial,767752,bimper.com.br,https://bimper.com.br,
527,empresarial,899225,docusign.com.br,https://docusign.com.br,
528,empresarial,87913,usadofacil.com.br,https://usadofacil.com.br,
529,empresarial,29690,gocache.com.br,https://gocache.com.br,
530,empresarial,892784,tfseven.com.br,https://tfseven.com.br,
531,empresarial,842986,vibraresidencial.com.br,https://vibraresidencial.com.br,
532,empresarial,29688,btg360.com.br,https://btg360.com.br,
533,empresarial,222230,costaricacolchoes.com.br,https://costaricacolchoes.com.br,
534,empresarial,621019,acervomais.com.br,https://acervomais.com.br,
535,empresarial,636738,fecammx.com.br,https://fecammx.com.br,
536,empresarial,733643,asselvi.com.br,https://asselvi.com.br,
537,empresarial,877091,globalbet.net.br,https://globalbet.net.br,
538,empresarial,771601,celos.com.br,https://celos.com.br,
539,empresarial,426403,redesurftank.com.br,https://redesurftank.com.br,
540,empresarial,481103,somaseg.com.br,https://somaseg.com.br,
541,empresarial,398627,moto.com.br,https://moto.com.br,
542,empresarial,640109,useallcloud.com.br,https://useallcloud.com.br,
543,empresarial,113038,itaucultural.org.br,https://itaucultural.org.br,
544,empresarial,855372,oesteline.com.br,https://oesteline.com.br,
545,empresarial,839853,tulipasexshop.com.br,https://tulipasexshop.com.br,
546,empresarial,160157,zoologico.com.br,https://zoologico.com.br,
547,empresarial,891605,ajustconsulting.com.br,https://ajustconsulting.com.br,
548,empresarial,793621,idimex.com.br,https://idimex.com.br,
549,empresarial,602650,usenow.com.br,https://usenow.com.br,
550,empresarial,557186,sporti.com.br,https://sporti.com.br,
551,empresarial,805760,maisvagases.com.br,https://maisvagases.com.br,
552,empresarial,348429,rgsul.net.br,https://rgsul.net.br,
553,empresarial,578075,capnology.com.br,https://capnology.com.br,
554,empresarial,702315,iscoolburgers.com.br,https://iscoolburgers.com.br,
555,empresarial,861451,aprendiz.edu.br,https://aprendiz.edu.br,
556,empresarial,743547,atelieronline.net.br,https://atelieronline.net.br,
557,empresarial,992341,odontoexcellence.com.br,https://odontoexcellence.com.br,
558,empresarial,801687,laboratoriogaravelo.com.br,https://laboratoriogaravelo.com.br,
559,empresarial,791133,heatgame.com.br,https://heatgame.com.br,
560,empresarial,568193,geru.com.br,https://geru.com.br,
561,empresarial,597561,ovg.org.br,https://ovg.org.br,
562,empresarial,175403,relogioonline.com.br,https://relogioonline.com.br,
563,empresarial,763270,armazemsantafilomena.com.br,https://armazemsantafilomena.com.br,
564,empresarial,413888,arquidiocesebh.org.br,https://arquidiocesebh.org.br,
565,empresarial,789146,gothink.com.br,https://gothink.com.br,
566,empresarial,75868,flashapp.com.br,https://flashapp.com.br,
567,empresarial,949444,invictusmanipulacao.com.br,https://invictusmanipulacao.com.br,
568,empresarial,894939,bluetree.com.br,https://bluetree.com.br,
569,empresarial,599633,atlasgr.com.br,https://atlasgr.com.br,
570,empresarial,674902,coopsupermercado.com.br,https://coopsupermercado.com.br,
571,empresarial,939592,goodyear.com.br,https://goodyear.com.br,
572,empresarial,741612,info-bras.net.br,https://info-bras.net.br,
573,empresarial,362894,viabrs.com.br,https://viabrs.com.br,
574,empresarial,815038,octogreen.com.br,https://octogreen.com.br,
575,empresarial,331664,telebras.net.br,https://telebras.net.br,
576,empresarial,345706,mpu.mp.br,https://mpu.mp.br,
577,empresarial,315184,globaltech.inf.br,https://globaltech.inf.br,
578,empresarial,356295,iffc.com.br,https://iffc.com.br,
579,empresarial,833233,stamp.com.br,https://stamp.com.br,
580,empresarial,826125,royalfic.com.br,https://royalfic.com.br,
581,empresarial,820099,plataformawm.com.br,https://plataformawm.com.br,
582,empresarial,483925,webcid.com.br,https://webcid.com.br,
583,empresarial,605098,aquiacontece.com.br,https://aquiacontece.com.br,
584,empresarial,179235,assessoriavip.com.br,https://assessoriavip.com.br,
585,empresarial,675059,meumoveldemadeira.com.br,https://meumoveldemadeira.com.br,
586,empresarial,488046,pousadasolardaraucaria.com.br,https://pousadasolardaraucaria.com.br,
587,empresarial,744504,jtech.com.br,https://jtech.com.br,
588,empresarial,510446,redel.com.br,https://redel.com.br,
589,empresarial,520701,unieducar.org.br,https://unieducar.org.br,
590,empresarial,767460,biascentroeducacional.com.br,https://biascentroeducacional.com.br,
591,empresarial,53931,losango.com.br,https://losango.com.br,
592,empresarial,728261,brasil131-1972.com.br,https://brasil131-1972.com.br,
593,empresarial,217339,sistemapromosys.com.br,https://sistemapromosys.com.br,
594,empresarial,818405,pcd.com.br,https://pcd.com.br,
595,empresarial,730945,hcpneus.com.br,https://hcpneus.com.br,
596,empresarial,479893,atendas.com.br,https://atendas.com.br,
597,empresarial,637346,turbocloud.com.br,https://turbocloud.com.br,
598,empresarial,116351,zoop.com.br,https://zoop.com.br,
599,empresarial,650410,parisfilmes.com.br,https://parisfilmes.com.br,
600,empresarial,490516,lovateldns.com.br,https://lovateldns.com.br,
601,empresarial,890802,arcohosting01.com.br,https://arcohosting01.com.br,
602,empresarial,406654,netceu.com.br,https://netceu.com.br,
603,empresarial,742241,plural.jor.br,https://plural.jor.br,
604,empresarial,600774,ideau.com.br,https://ideau.com.br,
605,empresarial,858574,inteli.edu.br,https://inteli.edu.br,
606,empresarial,195106,emsys.com.br,https://emsys.com.br,
607,empresarial,857428,altafibra.net.br,https://altafibra.net.br,
608,empresarial,931108,costadosauipe.com.br,https://costadosauipe.com.br,
609,empresarial,793478,iclin.med.br,https://iclin.med.br,
610,empresarial,367910,designi.com.br,https://designi.com.br,
611,empresarial,80599,gerencialcredito.com.br,https://gerencialcredito.com.br,
612,empresarial,800686,konsig.com.br,https://konsig.com.br,
613,empresarial,960791,bmf.com.br,https://bmf.com.br,
614,empresarial,819258,phbatidos.com.br,https://phbatidos.com.br,
615,empresarial,1728,tjsp.jus.br,https://tjsp.jus.br,
616,empresarial,819724,pirellipneus.com.br,https://pirellipneus.com.br,
617,empresarial,536865,pncq.org.br,https://pncq.org.br,
618,empresarial,50694,nibo.com.br,https://nibo.com.br,
619,empresarial,719359,verdecard.com.br,https://verdecard.com.br,
620,empresarial,386571,storeweb2000.com.br,https://storeweb2000.com.br,
621,empresarial,825375,rifapersonalizada.com.br,https://rifapersonalizada.com.br,
622,empresarial,197359,pescaeciaarmas.com.br,https://pescaeciaarmas.com.br,
623,empresarial,821447,prazerlivre.com.br,https://prazerlivre.com.br,
624,empresarial,557301,mpagestao.com.br,https://mpagestao.com.br,
625,empresarial,143346,via.com.br,https://via.com.br,
626,empresarial,152776,unifatecie.edu.br,https://unifatecie.edu.br,
627,empresarial,984339,gtt.net.br,https://gtt.net.br,
628,empresarial,927876,verzani.com.br,https://verzani.com.br,
629,empresarial,946407,go7.dev.br,https://go7.dev.br,
630,empresarial,599747,belenus.com.br,https://belenus.com.br,
631,empresarial,647582,correiodamanha.com.br,https://correiodamanha.com.br,
632,empresarial,841345,universoarquivos.com.br,https://universoarquivos.com.br,
633,empresarial,818559,pedoimoveis.com.br,https://pedoimoveis.com.br,
634,empresarial,825862,romaaroma.com.br,https://romaaroma.com.br,
635,empresarial,713194,sicoobconsorcios.com.br,https://sicoobconsorcios.com.br,
636,empresarial,771026,casadosperfumesimportados.com.br,https://casadosperfumesimportados.com.br,
637,empresarial,518248,hubtelecom.com.br,https://hubtelecom.com.br,
638,empresarial,257163,mdb.com.br,https://mdb.com.br,
639,empresarial,794909,institutounifil.com.br,https://institutounifil.com.br,
640,empresarial,841765,usevenari.com.br,https://usevenari.com.br,
641,empresarial,326265,icnex.net.br,https://icnex.net.br,
642,empresarial,389856,gestaoclick.com.br,https://gestaoclick.com.br,
643,empresarial,774353,consorciotoyota.com.br,https://consorciotoyota.com.br,
644,empresarial,176693,desenhosecolorir.com.br,https://desenhosecolorir.com.br,
645,empresarial,365835,comper.com.br,https://comper.com.br,
646,empresarial,775660,cursosnfp.com.br,https://cursosnfp.com.br,
647,empresarial,610954,cursosheliocouto.com.br,https://cursosheliocouto.com.br,
648,empresarial,178026,minhasinscricoes.com.br,https://minhasinscricoes.com.br,
649,empresarial,744340,foodzap.com.br,https://foodzap.com.br,
650,empresarial,529479,windx.com.br,https://windx.com.br,
