site_id;estrato;y;F1_email_lgpd_proprio;F2_email_lgpd_externo;F3_email_generico_ancorado;F4_subpagina_titular;F5_contato_ancorado;F6_telefone_ancorado;F7_ancora_encarregado;F8_ancora_direitos
4music.com.br;corp;0;0;0;0;0;0;0;0;0
aa.org.br;corp;1;0;0;0;0;0;0;0;1
acontecendoaqui.com.br;corp;1;0;0;0;0;0;0;0;1
administracao.pr.gov.br;gov;1;0;1;0;1;0;1;1;0
agenciasp.sp.gov.br;gov;0;0;0;0;0;0;0;0;0
agoradiario.com.br;corp;0;0;0;0;0;0;0;0;1
aime.com.br;corp;1;0;0;0;0;0;0;0;1
al.ce.gov.br;gov;1;1;0;0;0;0;1;1;0
alagoasdigital.al.gov.br;gov;0;0;0;0;0;0;0;0;0
amazonas.am.gov.br;gov;0;0;0;0;0;0;0;0;0
anhangueraferramentas.com.br;corp;0;0;0;0;0;0;0;0;1
anpad.org.br;corp;1;1;0;0;0;0;0;1;0
apisul.com.br;corp;1;1;0;0;1;1;0;1;1
apologeta.com.br;corp;0;0;0;0;0;0;0;0;0
aquiacontece.com.br;corp;1;0;0;0;0;0;0;1;1
ariastelecom.com.br;corp;0;0;0;0;0;0;0;0;0
armazemdc.com.br;corp;1;0;1;0;0;0;1;1;1
arquidiocesebh.org.br;corp;1;1;1;0;0;1;0;1;1
assessoriavip.com.br;corp;1;0;0;1;0;0;0;1;1
assist.org.br;corp;1;1;0;0;0;0;0;1;1
atakarejo.com.br;corp;1;1;0;0;1;1;0;1;1
atribuna.com.br;corp;1;0;1;0;0;0;0;1;1
attackshark.net.br;corp;0;0;0;0;0;0;0;0;1
azzaparfums.com.br;corp;1;0;0;0;0;0;0;0;1
belenus.com.br;corp;0;0;0;0;0;0;0;0;1
biascentroeducacional.com.br;corp;0;0;0;0;0;0;0;0;0
bigcupom.com.br;corp;1;1;0;0;0;0;0;1;1
bilink.com.br;corp;0;0;0;0;0;0;0;0;0
bimper.com.br;corp;1;0;0;0;0;0;0;0;1
blips.com.br;corp;1;0;0;1;0;0;0;1;1
bradesco.com.br;corp;1;0;0;0;0;0;0;0;1
campos.rj.gov.br;gov;0;0;0;0;0;0;0;0;0
caup.com.br;corp;0;0;0;0;0;0;0;0;0
cbm.sc.gov.br;gov;1;1;0;0;0;0;1;1;1
ccfonline.com.br;corp;0;0;0;0;0;0;0;0;0
celos.com.br;corp;1;1;0;0;0;0;1;1;1
cenprotnacional.org.br;corp;1;0;1;0;0;0;0;1;1
cetesb.sp.gov.br;gov;1;1;0;0;0;0;0;1;1
cgdw.com.br;corp;1;0;0;1;0;0;0;0;1
cgn.inf.br;corp;0;0;0;0;0;0;0;0;0
cl.df.gov.br;gov;1;0;0;1;0;0;0;1;1
coelhinhadobrasil.com.br;corp;0;0;0;0;0;0;0;0;0
comper.com.br;corp;1;0;1;0;1;0;0;1;1
computec.net.br;corp;0;0;0;0;0;0;0;0;0
condominiodedicado.com.br;corp;1;0;0;1;0;0;0;1;1
conecta.pr.gov.br;gov;0;0;0;0;0;0;0;0;0
confiance.com.br;corp;1;0;0;0;0;0;0;0;1
consyste.com.br;corp;0;0;0;0;0;0;0;0;0
cooperacoop.com.br;corp;0;0;0;0;0;0;0;0;0
correspondentedinamico.com.br;corp;0;0;0;1;0;0;0;1;1
costaricacolchoes.com.br;corp;0;0;0;0;0;0;0;0;1
cpc.org.br;corp;0;0;0;0;0;0;0;0;0
cplug.com.br;corp;1;0;1;1;0;0;0;1;1
cps.sp.gov.br;gov;1;1;0;1;0;0;0;1;1
cupomverde.com.br;corp;1;1;1;0;0;0;0;1;1
curriculointerativo.com.br;corp;1;0;0;0;1;1;0;1;1
cursosheliocouto.com.br;corp;1;0;0;1;0;0;0;1;1
datacaixa.com.br;corp;1;0;0;1;0;0;1;1;1
delupo.com.br;corp;0;0;0;0;0;0;0;0;0
denatran.gov.br;gov;1;0;0;0;1;0;0;1;1
desenhosecolorir.com.br;corp;0;0;0;0;0;0;0;0;0
dhnet.org.br;corp;0;0;0;0;0;0;0;0;0
diplan.com.br;corp;1;0;0;1;0;0;0;1;0
distribuidoraedwiges.com.br;corp;0;0;0;0;0;0;0;0;0
divinosilva.com.br;corp;0;0;0;0;0;0;0;0;0
dmcardweb.com.br;corp;0;0;0;0;0;0;0;0;0
dom.sc.gov.br;gov;1;0;1;0;0;0;0;1;0
donacharme.com.br;corp;0;0;0;0;0;0;0;0;0
dreamcasa.com.br;corp;1;0;0;1;0;0;0;1;1
duquedecaxias.rj.gov.br;gov;1;0;0;0;0;0;0;0;0
e-docs.es.gov.br;gov;0;0;0;0;0;0;0;0;0
econodata.com.br;corp;1;0;0;0;0;0;0;1;1
encurtador.com.br;corp;0;0;0;0;0;0;0;0;0
evas.com.br;corp;0;0;0;0;0;0;0;0;0
faap.br;corp;1;1;0;0;0;0;0;1;1
facilita.al.gov.br;gov;0;0;0;0;0;0;0;0;0
fcf.com.br;corp;0;0;0;0;0;0;0;0;0
feltrimcorrea.com.br;corp;0;0;0;0;0;0;0;0;1
fieltorcedor.com.br;corp;1;0;1;0;0;0;0;1;1
filmesporno.com.br;corp;0;0;0;0;0;0;0;0;0
fisco.net.br;corp;0;0;0;0;0;0;0;0;0
flashapp.com.br;corp;1;1;0;0;0;0;0;1;1
flashnetbrasil.com.br;corp;1;1;0;0;0;0;0;1;1
foodzap.com.br;corp;0;0;0;0;0;0;0;0;0
fundacaocasa.sp.gov.br;gov;1;1;0;0;0;0;0;1;1
futebolpaulista.com.br;corp;1;0;1;0;0;0;0;1;1
gbtls.com.br;corp;0;0;0;0;0;0;0;0;0
gilix.com.br;corp;0;0;0;0;0;0;0;0;0
glam.com.br;corp;1;0;0;0;0;0;0;1;1
gobrax.com.br;corp;0;0;0;0;0;0;1;0;1
gocache.com.br;corp;1;1;0;0;0;0;0;1;1
goodyear.com.br;corp;1;0;1;0;0;0;0;0;1
goomer.com.br;corp;1;1;0;0;0;0;0;0;0
hachi8.com.br;corp;1;0;0;0;0;0;0;0;0
hcpneus.com.br;corp;1;0;0;0;0;0;0;0;0
iclin.med.br;corp;0;0;0;0;0;0;0;1;0
icmbio.gov.br;gov;1;1;0;1;0;0;0;1;1
ideau.com.br;corp;0;0;0;0;0;0;0;0;0
imobiliariaato.com.br;corp;0;0;0;0;0;0;0;0;0
info-bras.net.br;corp;0;0;0;0;0;0;0;0;1
inmedia.com.br;corp;0;0;0;0;0;0;0;0;0
iob.com.br;corp;1;1;0;0;0;0;0;1;1
iplaza.com.br;corp;0;0;0;0;0;0;0;0;0
irmaosdotados.com.br;corp;0;0;0;0;0;0;0;0;1
jbytes.com.br;corp;0;0;0;0;0;0;0;0;0
jjnetweb.com.br;corp;0;0;0;0;0;0;0;0;0
jonhdrop.com.br;corp;0;0;0;0;0;0;0;0;0
jornaldacidadeonline.com.br;corp;0;0;0;0;0;0;0;0;0
jucesponline.sp.gov.br;gov;0;0;0;0;0;0;0;0;0
kiaga.com.br;corp;0;0;0;0;0;0;0;0;0
labmm.com.br;corp;1;0;0;0;0;0;0;0;1
legisweb.com.br;corp;0;0;0;0;0;0;0;0;1
londrina.pr.gov.br;gov;1;1;0;0;1;1;0;1;1
losango.com.br;corp;1;0;0;0;0;0;0;0;1
mailinbox.com.br;corp;1;0;0;0;0;0;0;0;1
maisesports.com.br;corp;0;0;0;0;0;0;0;0;0
maisvagases.com.br;corp;0;0;0;0;1;0;0;1;0
mapacultural.pe.gov.br;gov;0;0;0;0;0;0;0;1;1
mapeia.com.br;corp;1;1;0;0;0;0;0;1;0
maracanau.ce.gov.br;gov;1;1;0;0;0;0;0;1;1
meioambiente.mg.gov.br;gov;0;0;0;0;0;0;0;0;1
mestresmisticos.com.br;corp;0;0;0;0;0;0;0;0;0
meumoveldemadeira.com.br;corp;1;0;0;0;0;0;0;0;1
mg.gov.br;gov;1;0;0;0;0;0;0;0;0
moto.com.br;corp;1;0;0;0;0;0;0;1;1
mppr.mp.br;corp;0;0;0;0;0;0;0;0;1
mundorh.com.br;corp;0;0;0;0;0;0;0;0;0
neggos.com.br;corp;0;0;0;0;0;0;0;0;0
newgrouptelecom.com.br;corp;0;0;0;0;0;0;0;0;1
nipotech.com.br;corp;0;0;0;0;0;0;0;0;0
nuvemshop.com.br;corp;1;1;0;0;0;0;0;1;1
odontoexcellence.com.br;corp;0;0;0;0;0;0;0;0;1
ofertasmaiscupons.com.br;corp;0;0;0;0;0;0;0;0;1
ohanakameala.com.br;corp;1;0;0;1;0;0;0;1;1
ole.net.br;corp;1;0;0;1;0;0;0;1;0
opovo.com.br;corp;0;0;0;0;0;0;0;0;0
oprimorico.com.br;corp;1;0;0;0;0;0;0;0;0
oresultado.com.br;corp;0;0;0;0;0;0;0;0;0
palmas.to.gov.br;gov;1;1;0;0;1;0;1;1;0
paraiba.pb.gov.br;gov;0;0;0;0;0;0;0;0;0
parana.pr.gov.br;gov;0;0;0;0;1;1;0;1;1
parisfilmes.com.br;corp;1;1;0;0;0;0;1;0;1
pcd.com.br;corp;1;1;1;0;0;0;0;1;1
pedb.com.br;corp;0;0;0;0;0;0;0;0;0
pedidook.com.br;corp;1;1;0;1;0;1;0;1;1
pedoimoveis.com.br;corp;1;1;0;0;0;0;0;0;1
planalto.gov.br;gov;1;0;1;0;0;0;0;1;1
plural.jor.br;corp;0;0;0;0;0;0;0;0;0
pma.es.gov.br;gov;0;0;0;0;0;0;0;0;0
pmpr.pr.gov.br;gov;1;0;0;0;1;0;0;1;0
pncq.org.br;corp;0;0;0;0;0;0;0;0;0
portaldoservidor.ma.gov.br;gov;0;0;0;0;0;0;0;0;0
portaldoservidor.mg.gov.br;gov;1;0;1;0;0;0;0;1;1
pravaler.com.br;corp;1;1;0;0;0;0;0;1;1
primeirainfanciaemdados.org.br;corp;1;0;1;0;0;0;0;1;1
radioculturafoz.com.br;corp;0;0;0;0;0;0;0;0;1
realoficial.com.br;corp;1;0;0;1;0;0;0;1;1
redesurftank.com.br;corp;1;0;0;1;0;0;0;1;1
relogioonline.com.br;corp;0;0;0;0;0;0;0;0;0
rifapersonalizada.com.br;corp;0;0;0;0;0;0;0;0;1
riomarrecife.com.br;corp;1;0;1;1;0;0;1;1;1
rosaazulkids.com.br;corp;1;0;0;0;0;0;0;0;0
sabin.com.br;corp;1;1;0;0;0;0;0;1;1
saudecaruaru.pe.gov.br;gov;0;0;0;0;0;0;0;0;0
segurospromo.com.br;corp;1;0;1;0;0;0;0;1;1
sei.ac.gov.br;gov;0;0;0;0;0;0;0;0;0
sescmatogrosso.com.br;corp;1;0;1;0;0;0;0;1;1
seucreditodigital.com.br;corp;0;0;0;0;0;0;0;0;0
shopemme.com.br;corp;1;0;0;1;0;0;0;0;1
sinaldoceu.com.br;corp;0;0;0;0;0;0;0;0;0
singularmedicamentos.com.br;corp;1;0;0;1;0;0;0;1;1
sinj.df.gov.br;gov;0;0;0;0;0;0;0;1;1
sinop.mt.gov.br;gov;1;1;0;0;0;0;0;1;0
sipros.pa.gov.br;gov;0;0;0;0;0;0;0;0;0
sitexpresso.com.br;corp;0;0;0;0;0;0;0;0;0
soldiersnutrition.com.br;corp;0;0;0;0;0;0;0;0;1
sorasa.com.br;corp;0;0;0;0;0;0;0;0;0
sporti.com.br;corp;1;1;0;1;0;0;0;1;1
ssmtelecom.com.br;corp;0;0;0;0;0;0;0;0;0
stamp.com.br;corp;0;0;0;0;0;0;0;0;0
tcu.gov.br;gov;1;1;0;0;0;1;1;1;1
technobytes.com.br;corp;0;0;0;0;0;0;0;0;0
telecine.com.br;corp;1;0;0;0;0;1;0;1;1
tigre.com.br;corp;1;0;1;0;0;0;0;1;1
tjsp.jus.br;corp;1;1;0;0;0;1;0;1;1
touti.com.br;corp;0;0;0;0;0;0;0;0;0
tradersbrasil.com.br;corp;0;0;0;0;0;0;0;0;1
tupan.com.br;corp;1;0;1;1;0;0;0;1;1
turbocloud.com.br;corp;0;0;0;0;0;0;0;0;0
ufcat.edu.br;corp;1;0;0;1;0;0;0;1;1
unifil.br;corp;0;0;0;0;0;0;0;0;0
unila.edu.br;corp;0;0;0;0;0;0;0;0;0
uninga.br;corp;1;0;0;1;0;0;1;1;1
uniunica.edu.br;corp;1;0;1;0;0;0;1;1;1
universoarquivos.com.br;corp;0;0;0;0;0;0;0;0;1
useange.com.br;corp;0;0;0;0;0;0;0;0;0
usjt.br;corp;1;0;1;0;0;0;0;1;1
verdecard.com.br;corp;1;0;1;0;0;0;0;0;1
verzani.com.br;corp;1;0;0;1;0;1;0;0;1
viabrs.com.br;corp;0;0;0;0;0;0;0;0;0
vibraresidencial.com.br;corp;1;0;1;0;0;0;0;1;1
videosdesexo.com.br;corp;0;0;0;0;0;0;0;0;0
vinilrecords.com.br;corp;0;0;0;0;0;0;0;0;0
vivara.com.br;corp;1;1;0;0;0;0;0;1;1
webprestador.com.br;corp;0;0;0;0;0;0;0;0;0
windx.com.br;corp;0;0;0;0;0;0;0;0;1
zoop.com.br;corp;1;1;0;0;0;0;0;0;1
