variavel;site_id;estrato;no_treino;rotulo;n_sinalizadas;n_segmentos;estado_arcabouco;extrapolacao;incerto
finalidade_especificada;aa.org.br;corp;0;1;52;195;true;False;nao
finalidade_especificada;acontecendoaqui.com.br;corp;1;0;5;53;true;False;sim
finalidade_especificada;agoradiario.com.br;corp;0;1;11;58;true;False;nao
finalidade_especificada;aime.com.br;corp;0;1;75;240;true;False;nao
finalidade_especificada;anhangueraferramentas.com.br;corp;0;1;28;242;true;False;nao
finalidade_especificada;anpad.org.br;corp;0;1;3;35;true;False;nao
finalidade_especificada;apisul.com.br;corp;0;1;101;297;true;False;nao
finalidade_especificada;aquiacontece.com.br;corp;0;1;50;301;true;False;nao
finalidade_especificada;armazemdc.com.br;corp;0;1;20;86;true;False;nao
finalidade_especificada;arquidiocesebh.org.br;corp;0;1;39;255;true;False;nao
finalidade_especificada;assessoriavip.com.br;corp;0;1;28;93;true;False;nao
finalidade_especificada;assist.org.br;corp;0;1;20;64;true;False;nao
finalidade_especificada;atakarejo.com.br;corp;1;1;93;358;true;False;nao
finalidade_especificada;atribuna.com.br;corp;0;1;129;411;true;False;nao
finalidade_especificada;attackshark.net.br;corp;0;1;70;390;true;False;nao
finalidade_especificada;azzaparfums.com.br;corp;0;1;39;173;true;False;nao
finalidade_especificada;belenus.com.br;corp;0;1;23;118;true;False;nao
finalidade_especificada;bigcupom.com.br;corp;0;1;21;101;true;False;nao
finalidade_especificada;bimper.com.br;corp;0;1;16;71;true;False;nao
finalidade_especificada;blips.com.br;corp;0;1;37;165;true;False;nao
finalidade_especificada;bradesco.com.br;corp;0;1;17;73;true;False;nao
finalidade_especificada;celos.com.br;corp;0;1;24;140;true;False;nao
finalidade_especificada;cenprotnacional.org.br;corp;1;1;26;111;true;False;nao
finalidade_especificada;cgdw.com.br;corp;0;1;24;83;true;False;nao
finalidade_especificada;coelhinhadobrasil.com.br;corp;0;1;8;24;true;False;nao
finalidade_especificada;comper.com.br;corp;0;1;61;250;true;False;nao
finalidade_especificada;condominiodedicado.com.br;corp;0;1;18;78;true;False;nao
finalidade_especificada;confiance.com.br;corp;0;1;19;88;true;False;nao
finalidade_especificada;correspondentedinamico.com.br;corp;0;1;24;78;true;False;nao
finalidade_especificada;costaricacolchoes.com.br;corp;0;1;40;361;true;False;nao
finalidade_especificada;cplug.com.br;corp;1;1;89;440;true;False;nao
finalidade_especificada;cupomverde.com.br;corp;0;1;60;236;true;False;nao
finalidade_especificada;curriculointerativo.com.br;corp;0;0;53;302;true;False;sim
finalidade_especificada;cursosheliocouto.com.br;corp;0;1;39;188;true;False;nao
finalidade_especificada;datacaixa.com.br;corp;0;1;29;126;true;False;nao
finalidade_especificada;delupo.com.br;corp;0;1;39;146;true;False;nao
finalidade_especificada;desenhosecolorir.com.br;corp;0;1;17;87;true;False;nao
finalidade_especificada;diplan.com.br;corp;0;1;30;128;true;False;nao
finalidade_especificada;divinosilva.com.br;corp;0;1;34;137;true;False;nao
finalidade_especificada;dreamcasa.com.br;corp;0;1;15;105;true;False;nao
finalidade_especificada;econodata.com.br;corp;0;1;29;125;true;False;nao
finalidade_especificada;encurtador.com.br;corp;0;1;23;94;true;False;nao
finalidade_especificada;evas.com.br;corp;0;1;3;18;true;False;nao
finalidade_especificada;faap.br;corp;0;1;42;161;true;False;nao
finalidade_especificada;feltrimcorrea.com.br;corp;0;1;23;130;true;False;nao
finalidade_especificada;fieltorcedor.com.br;corp;0;1;136;594;true;False;nao
finalidade_especificada;flashapp.com.br;corp;0;1;50;198;true;False;nao
finalidade_especificada;flashnetbrasil.com.br;corp;0;1;22;136;true;False;nao
finalidade_especificada;futebolpaulista.com.br;corp;0;1;21;107;true;False;nao
finalidade_especificada;glam.com.br;corp;0;1;233;1004;true;False;nao
finalidade_especificada;gobrax.com.br;corp;0;1;34;89;true;False;nao
finalidade_especificada;gocache.com.br;corp;0;1;49;231;true;False;nao
finalidade_especificada;goodyear.com.br;corp;0;1;122;503;true;False;nao
finalidade_especificada;goomer.com.br;corp;0;0;53;231;true;False;sim
finalidade_especificada;hachi8.com.br;corp;0;0;24;116;true;False;nao
finalidade_especificada;hcpneus.com.br;corp;0;0;14;60;true;False;nao
finalidade_especificada;iclin.med.br;corp;1;1;6;42;true;False;nao
finalidade_especificada;ideau.com.br;corp;0;1;6;58;true;False;nao
finalidade_especificada;info-bras.net.br;corp;0;1;10;60;true;False;nao
finalidade_especificada;iob.com.br;corp;0;0;27;179;true;False;sim
finalidade_especificada;irmaosdotados.com.br;corp;0;1;9;52;true;False;sim
finalidade_especificada;jornaldacidadeonline.com.br;corp;0;0;7;38;true;False;nao
finalidade_especificada;kiaga.com.br;corp;0;1;51;268;true;False;nao
finalidade_especificada;labmm.com.br;corp;0;1;17;70;true;False;nao
finalidade_especificada;legisweb.com.br;corp;0;1;40;118;true;False;nao
finalidade_especificada;losango.com.br;corp;1;1;3;114;true;False;nao
finalidade_especificada;mailinbox.com.br;corp;0;1;10;41;true;False;nao
finalidade_especificada;maisvagases.com.br;corp;0;0;29;112;true;False;nao
finalidade_especificada;mapeia.com.br;corp;0;1;22;59;true;False;nao
finalidade_especificada;mestresmisticos.com.br;corp;0;1;44;157;true;False;nao
finalidade_especificada;meumoveldemadeira.com.br;corp;0;1;69;284;true;False;nao
finalidade_especificada;moto.com.br;corp;0;1;61;218;true;False;nao
finalidade_especificada;mppr.mp.br;corp;0;1;42;209;true;False;sim
finalidade_especificada;neggos.com.br;corp;0;0;2;21;true;False;nao
finalidade_especificada;newgrouptelecom.com.br;corp;0;1;8;54;true;False;nao
finalidade_especificada;nuvemshop.com.br;corp;0;1;109;423;true;False;nao
finalidade_especificada;odontoexcellence.com.br;corp;0;1;2;35;true;False;nao
finalidade_especificada;ofertasmaiscupons.com.br;corp;0;1;24;117;true;False;nao
finalidade_especificada;ohanakameala.com.br;corp;0;1;33;161;true;False;nao
finalidade_especificada;ole.net.br;corp;0;1;9;28;true;False;nao
finalidade_especificada;opovo.com.br;corp;0;1;22;76;true;False;nao
finalidade_especificada;oresultado.com.br;corp;0;0;8;58;true;False;nao
finalidade_especificada;parisfilmes.com.br;corp;0;1;7;47;true;False;nao
finalidade_especificada;pcd.com.br;corp;1;1;171;837;true;False;nao
finalidade_especificada;pedidook.com.br;corp;1;1;22;182;true;False;nao
finalidade_especificada;pedoimoveis.com.br;corp;0;1;16;67;true;False;nao
finalidade_especificada;plural.jor.br;corp;0;1;18;74;true;False;nao
finalidade_especificada;pravaler.com.br;corp;0;1;29;145;true;False;nao
finalidade_especificada;primeirainfanciaemdados.org.br;corp;1;1;12;83;true;False;nao
finalidade_especificada;realoficial.com.br;corp;0;1;83;289;true;False;nao
finalidade_especificada;redesurftank.com.br;corp;1;1;52;309;true;False;nao
finalidade_especificada;rifapersonalizada.com.br;corp;1;1;21;152;true;False;nao
finalidade_especificada;riomarrecife.com.br;corp;0;1;122;411;true;False;nao
finalidade_especificada;rosaazulkids.com.br;corp;0;1;60;283;true;False;nao
finalidade_especificada;sabin.com.br;corp;1;1;30;277;true;False;nao
finalidade_especificada;segurospromo.com.br;corp;0;1;71;247;true;False;nao
finalidade_especificada;sescmatogrosso.com.br;corp;0;1;18;88;true;False;nao
finalidade_especificada;seucreditodigital.com.br;corp;0;1;27;120;true;False;nao
finalidade_especificada;shopemme.com.br;corp;0;0;9;62;true;False;nao
finalidade_especificada;singularmedicamentos.com.br;corp;0;1;56;267;true;False;nao
finalidade_especificada;soldiersnutrition.com.br;corp;0;1;23;140;true;False;nao
finalidade_especificada;sorasa.com.br;corp;0;1;7;41;true;False;nao
finalidade_especificada;sporti.com.br;corp;0;1;27;96;true;False;nao
finalidade_especificada;telecine.com.br;corp;0;1;96;284;true;False;nao
finalidade_especificada;tigre.com.br;corp;0;0;34;198;true;False;nao
finalidade_especificada;tjsp.jus.br;corp;0;1;35;271;true;False;nao
finalidade_especificada;touti.com.br;corp;0;1;3;22;true;False;nao
finalidade_especificada;tradersbrasil.com.br;corp;0;1;31;148;true;False;nao
finalidade_especificada;tupan.com.br;corp;0;1;73;257;true;False;nao
finalidade_especificada;ufcat.edu.br;corp;0;1;11;103;true;False;nao
finalidade_especificada;uninga.br;corp;0;1;9;41;true;False;nao
finalidade_especificada;uniunica.edu.br;corp;0;1;451;1008;true;False;nao
finalidade_especificada;universoarquivos.com.br;corp;0;1;16;48;true;False;nao
finalidade_especificada;useange.com.br;corp;0;1;73;334;true;False;nao
finalidade_especificada;usjt.br;corp;0;1;66;297;true;False;nao
finalidade_especificada;verdecard.com.br;corp;0;1;13;61;true;False;nao
finalidade_especificada;verzani.com.br;corp;1;1;28;127;true;False;nao
finalidade_especificada;vibraresidencial.com.br;corp;1;1;19;130;true;False;nao
finalidade_especificada;vinilrecords.com.br;corp;0;1;27;95;true;False;nao
finalidade_especificada;vivara.com.br;corp;0;1;57;195;true;False;nao
finalidade_especificada;windx.com.br;corp;0;1;49;180;true;False;nao
finalidade_especificada;zoop.com.br;corp;0;1;50;203;true;False;nao
finalidade_especificada;administracao.pr.gov.br;gov;0;0;43;210;true;False;nao
finalidade_especificada;al.ce.gov.br;gov;0;0;40;235;true;False;nao
finalidade_especificada;cbm.sc.gov.br;gov;0;0;13;62;true;False;nao
finalidade_especificada;cetesb.sp.gov.br;gov;0;1;56;345;true;False;nao
finalidade_especificada;cps.sp.gov.br;gov;0;1;38;167;true;False;nao
finalidade_especificada;denatran.gov.br;gov;1;1;111;510;true;False;nao
finalidade_especificada;fundacaocasa.sp.gov.br;gov;0;0;23;167;true;False;sim
finalidade_especificada;icmbio.gov.br;gov;0;1;130;496;true;False;nao
finalidade_especificada;londrina.pr.gov.br;gov;0;1;30;196;true;False;nao
finalidade_especificada;mapacultural.pe.gov.br;gov;0;1;45;203;true;False;nao
finalidade_especificada;maracanau.ce.gov.br;gov;0;1;72;418;true;False;nao
finalidade_especificada;meioambiente.mg.gov.br;gov;0;0;32;160;true;False;nao
finalidade_especificada;palmas.to.gov.br;gov;0;0;29;192;true;False;nao
finalidade_especificada;parana.pr.gov.br;gov;0;0;26;193;true;False;nao
finalidade_especificada;planalto.gov.br;gov;0;1;110;459;true;False;nao
finalidade_especificada;pma.es.gov.br;gov;0;1;21;83;true;False;nao
finalidade_especificada;pmpr.pr.gov.br;gov;0;0;62;580;true;False;nao
finalidade_especificada;portaldoservidor.mg.gov.br;gov;0;1;49;227;true;False;nao
finalidade_especificada;tcu.gov.br;gov;0;1;83;419;true;False;nao
direitos_titular_explicados;aa.org.br;corp;0;1;0;195;false;False;nao
direitos_titular_explicados;acontecendoaqui.com.br;corp;1;1;2;53;true;False;nao
direitos_titular_explicados;agoradiario.com.br;corp;0;1;2;58;true;False;nao
direitos_titular_explicados;aime.com.br;corp;0;1;11;240;true;False;nao
direitos_titular_explicados;anhangueraferramentas.com.br;corp;0;1;9;242;true;False;nao
direitos_titular_explicados;anpad.org.br;corp;0;1;5;35;true;False;nao
direitos_titular_explicados;apisul.com.br;corp;0;1;21;297;true;False;nao
direitos_titular_explicados;aquiacontece.com.br;corp;0;1;9;301;true;False;nao
direitos_titular_explicados;armazemdc.com.br;corp;0;1;3;86;true;False;nao
direitos_titular_explicados;arquidiocesebh.org.br;corp;0;1;7;255;true;False;nao
direitos_titular_explicados;assessoriavip.com.br;corp;0;1;1;93;true;False;nao
direitos_titular_explicados;assist.org.br;corp;0;1;4;64;true;False;nao
direitos_titular_explicados;atakarejo.com.br;corp;1;1;25;358;true;False;nao
direitos_titular_explicados;atribuna.com.br;corp;0;1;17;411;true;False;nao
direitos_titular_explicados;attackshark.net.br;corp;0;1;4;390;true;False;nao
direitos_titular_explicados;azzaparfums.com.br;corp;0;1;11;173;true;False;nao
direitos_titular_explicados;belenus.com.br;corp;0;1;9;118;true;False;nao
direitos_titular_explicados;bigcupom.com.br;corp;0;1;9;101;true;False;nao
direitos_titular_explicados;bimper.com.br;corp;0;0;0;71;false;False;nao
direitos_titular_explicados;blips.com.br;corp;0;1;10;165;true;False;nao
direitos_titular_explicados;bradesco.com.br;corp;0;1;0;73;false;False;nao
direitos_titular_explicados;celos.com.br;corp;0;1;16;140;true;False;nao
direitos_titular_explicados;cenprotnacional.org.br;corp;1;1;16;111;true;False;nao
direitos_titular_explicados;cgdw.com.br;corp;0;1;1;83;true;False;nao
direitos_titular_explicados;coelhinhadobrasil.com.br;corp;0;0;1;24;true;False;nao
direitos_titular_explicados;comper.com.br;corp;0;1;14;250;true;False;nao
direitos_titular_explicados;condominiodedicado.com.br;corp;0;1;8;78;true;False;nao
direitos_titular_explicados;confiance.com.br;corp;0;1;5;88;true;False;nao
direitos_titular_explicados;correspondentedinamico.com.br;corp;0;1;2;78;true;False;nao
direitos_titular_explicados;costaricacolchoes.com.br;corp;0;0;3;361;true;False;nao
direitos_titular_explicados;cplug.com.br;corp;1;1;15;440;true;False;nao
direitos_titular_explicados;cupomverde.com.br;corp;0;1;13;236;true;False;nao
direitos_titular_explicados;curriculointerativo.com.br;corp;0;1;16;302;true;False;nao
direitos_titular_explicados;cursosheliocouto.com.br;corp;0;1;9;188;true;False;nao
direitos_titular_explicados;datacaixa.com.br;corp;0;1;9;126;true;False;nao
direitos_titular_explicados;delupo.com.br;corp;0;1;0;146;false;False;nao
direitos_titular_explicados;desenhosecolorir.com.br;corp;0;0;0;87;false;False;nao
direitos_titular_explicados;diplan.com.br;corp;0;1;6;128;true;False;nao
direitos_titular_explicados;divinosilva.com.br;corp;0;0;0;137;false;False;nao
direitos_titular_explicados;dreamcasa.com.br;corp;0;1;8;105;true;False;nao
direitos_titular_explicados;econodata.com.br;corp;0;1;10;125;true;False;nao
direitos_titular_explicados;encurtador.com.br;corp;0;0;1;94;true;False;nao
direitos_titular_explicados;evas.com.br;corp;0;0;0;18;false;False;nao
direitos_titular_explicados;faap.br;corp;0;1;9;161;true;False;nao
direitos_titular_explicados;feltrimcorrea.com.br;corp;0;1;7;130;true;False;nao
direitos_titular_explicados;fieltorcedor.com.br;corp;0;1;10;594;true;False;nao
direitos_titular_explicados;flashapp.com.br;corp;0;1;0;198;false;False;nao
direitos_titular_explicados;flashnetbrasil.com.br;corp;0;1;11;136;true;False;nao
direitos_titular_explicados;futebolpaulista.com.br;corp;0;1;11;107;true;False;nao
direitos_titular_explicados;glam.com.br;corp;0;1;11;1004;true;False;nao
direitos_titular_explicados;gobrax.com.br;corp;0;1;1;89;true;False;nao
direitos_titular_explicados;gocache.com.br;corp;0;0;0;231;false;False;nao
direitos_titular_explicados;goodyear.com.br;corp;0;1;6;503;true;False;nao
direitos_titular_explicados;goomer.com.br;corp;0;1;1;231;true;False;nao
direitos_titular_explicados;hachi8.com.br;corp;0;1;0;116;false;False;nao
direitos_titular_explicados;hcpneus.com.br;corp;0;1;0;60;false;False;nao
direitos_titular_explicados;iclin.med.br;corp;1;0;0;42;false;False;nao
direitos_titular_explicados;ideau.com.br;corp;0;0;0;58;false;False;nao
direitos_titular_explicados;info-bras.net.br;corp;0;1;0;60;false;False;nao
direitos_titular_explicados;iob.com.br;corp;0;1;10;179;true;False;nao
direitos_titular_explicados;irmaosdotados.com.br;corp;0;1;1;52;true;False;sim
direitos_titular_explicados;jornaldacidadeonline.com.br;corp;0;0;0;38;false;False;nao
direitos_titular_explicados;kiaga.com.br;corp;0;0;0;268;false;False;nao
direitos_titular_explicados;labmm.com.br;corp;0;1;4;70;true;False;nao
direitos_titular_explicados;legisweb.com.br;corp;0;1;6;118;true;False;nao
direitos_titular_explicados;losango.com.br;corp;1;0;0;114;false;False;sim
direitos_titular_explicados;mailinbox.com.br;corp;0;1;0;41;false;False;sim
direitos_titular_explicados;maisvagases.com.br;corp;0;0;0;112;false;False;nao
direitos_titular_explicados;mapeia.com.br;corp;0;1;4;59;true;False;nao
direitos_titular_explicados;mestresmisticos.com.br;corp;0;1;4;157;true;False;nao
direitos_titular_explicados;meumoveldemadeira.com.br;corp;0;1;8;284;true;False;nao
direitos_titular_explicados;moto.com.br;corp;0;1;7;218;true;False;nao
direitos_titular_explicados;mppr.mp.br;corp;0;0;2;209;true;False;nao
direitos_titular_explicados;neggos.com.br;corp;0;0;0;21;false;False;nao
direitos_titular_explicados;newgrouptelecom.com.br;corp;0;1;0;54;false;False;nao
direitos_titular_explicados;nuvemshop.com.br;corp;0;1;14;423;true;False;nao
direitos_titular_explicados;odontoexcellence.com.br;corp;0;1;1;35;true;False;nao
direitos_titular_explicados;ofertasmaiscupons.com.br;corp;0;1;3;117;true;False;nao
direitos_titular_explicados;ohanakameala.com.br;corp;0;1;14;161;true;False;nao
direitos_titular_explicados;ole.net.br;corp;0;0;0;28;false;False;sim
direitos_titular_explicados;opovo.com.br;corp;0;0;0;76;false;False;nao
direitos_titular_explicados;oresultado.com.br;corp;0;0;0;58;false;False;nao
direitos_titular_explicados;parisfilmes.com.br;corp;0;0;0;47;false;False;sim
direitos_titular_explicados;pcd.com.br;corp;1;1;31;837;true;False;nao
direitos_titular_explicados;pedidook.com.br;corp;1;1;4;182;true;False;nao
direitos_titular_explicados;pedoimoveis.com.br;corp;0;1;7;67;true;False;nao
direitos_titular_explicados;plural.jor.br;corp;0;0;0;74;false;False;nao
direitos_titular_explicados;pravaler.com.br;corp;0;1;14;145;true;False;nao
direitos_titular_explicados;primeirainfanciaemdados.org.br;corp;1;1;10;83;true;False;nao
direitos_titular_explicados;realoficial.com.br;corp;0;1;14;289;true;False;nao
direitos_titular_explicados;redesurftank.com.br;corp;1;1;9;309;true;False;nao
direitos_titular_explicados;rifapersonalizada.com.br;corp;1;0;2;152;true;False;nao
direitos_titular_explicados;riomarrecife.com.br;corp;0;1;3;411;true;False;nao
direitos_titular_explicados;rosaazulkids.com.br;corp;0;1;8;283;true;False;nao
direitos_titular_explicados;sabin.com.br;corp;1;1;11;277;true;False;nao
direitos_titular_explicados;segurospromo.com.br;corp;0;1;8;247;true;False;nao
direitos_titular_explicados;sescmatogrosso.com.br;corp;0;1;3;88;true;False;nao
direitos_titular_explicados;seucreditodigital.com.br;corp;0;0;1;120;true;False;nao
direitos_titular_explicados;shopemme.com.br;corp;0;1;2;62;true;False;nao
direitos_titular_explicados;singularmedicamentos.com.br;corp;0;1;9;267;true;False;nao
direitos_titular_explicados;soldiersnutrition.com.br;corp;0;1;9;140;true;False;nao
direitos_titular_explicados;sorasa.com.br;corp;0;0;0;41;false;False;nao
direitos_titular_explicados;sporti.com.br;corp;0;1;7;96;true;False;nao
direitos_titular_explicados;telecine.com.br;corp;0;1;13;284;true;False;nao
direitos_titular_explicados;tigre.com.br;corp;0;1;7;198;true;False;nao
direitos_titular_explicados;tjsp.jus.br;corp;0;0;1;271;true;False;nao
direitos_titular_explicados;touti.com.br;corp;0;0;0;22;false;False;nao
direitos_titular_explicados;tradersbrasil.com.br;corp;0;1;5;148;true;False;nao
direitos_titular_explicados;tupan.com.br;corp;0;1;10;257;true;False;nao
direitos_titular_explicados;ufcat.edu.br;corp;0;1;5;103;true;False;nao
direitos_titular_explicados;uninga.br;corp;0;1;0;41;false;False;nao
direitos_titular_explicados;uniunica.edu.br;corp;0;1;21;1008;true;False;nao
direitos_titular_explicados;universoarquivos.com.br;corp;0;0;1;48;true;False;nao
direitos_titular_explicados;useange.com.br;corp;0;1;2;334;true;False;nao
direitos_titular_explicados;usjt.br;corp;0;1;13;297;true;False;nao
direitos_titular_explicados;verdecard.com.br;corp;0;1;1;61;true;False;nao
direitos_titular_explicados;verzani.com.br;corp;1;1;9;127;true;False;nao
direitos_titular_explicados;vibraresidencial.com.br;corp;1;0;2;130;true;False;nao
direitos_titular_explicados;vinilrecords.com.br;corp;0;0;0;95;false;False;nao
direitos_titular_explicados;vivara.com.br;corp;0;1;7;195;true;False;nao
direitos_titular_explicados;windx.com.br;corp;0;0;1;180;true;False;nao
direitos_titular_explicados;zoop.com.br;corp;0;1;4;203;true;False;nao
direitos_titular_explicados;administracao.pr.gov.br;gov;0;0;0;210;false;False;nao
direitos_titular_explicados;al.ce.gov.br;gov;0;0;0;235;false;False;nao
direitos_titular_explicados;cbm.sc.gov.br;gov;0;1;0;62;false;False;nao
direitos_titular_explicados;cetesb.sp.gov.br;gov;0;1;7;345;true;False;nao
direitos_titular_explicados;cps.sp.gov.br;gov;0;0;0;167;false;False;nao
direitos_titular_explicados;denatran.gov.br;gov;1;1;7;510;true;False;nao
direitos_titular_explicados;fundacaocasa.sp.gov.br;gov;0;1;6;167;true;False;nao
direitos_titular_explicados;icmbio.gov.br;gov;0;0;8;496;true;False;nao
direitos_titular_explicados;londrina.pr.gov.br;gov;0;0;1;196;true;False;nao
direitos_titular_explicados;mapacultural.pe.gov.br;gov;0;1;8;203;true;False;nao
direitos_titular_explicados;maracanau.ce.gov.br;gov;0;1;5;418;true;False;nao
direitos_titular_explicados;meioambiente.mg.gov.br;gov;0;1;4;160;true;False;nao
direitos_titular_explicados;palmas.to.gov.br;gov;0;0;1;192;true;False;nao
direitos_titular_explicados;parana.pr.gov.br;gov;0;0;0;193;false;False;nao
direitos_titular_explicados;planalto.gov.br;gov;0;1;7;459;true;False;nao
direitos_titular_explicados;pma.es.gov.br;gov;0;0;1;83;true;False;nao
direitos_titular_explicados;pmpr.pr.gov.br;gov;0;0;0;580;false;False;nao
direitos_titular_explicados;portaldoservidor.mg.gov.br;gov;0;1;4;227;true;False;nao
direitos_titular_explicados;tcu.gov.br;gov;0;1;16;419;true;False;nao
transf_internacional_divulgada;aa.org.br;corp;0;0;1;195;true;False;nao
transf_internacional_divulgada;acontecendoaqui.com.br;corp;1;0;0;53;false;False;nao
transf_internacional_divulgada;agoradiario.com.br;corp;0;0;0;58;false;False;nao
transf_internacional_divulgada;aime.com.br;corp;0;1;4;240;true;False;nao
transf_internacional_divulgada;anhangueraferramentas.com.br;corp;0;0;0;242;false;False;nao
transf_internacional_divulgada;anpad.org.br;corp;0;0;1;35;true;False;nao
transf_internacional_divulgada;apisul.com.br;corp;0;0;5;297;true;False;nao
transf_internacional_divulgada;aquiacontece.com.br;corp;0;1;3;301;true;False;nao
transf_internacional_divulgada;armazemdc.com.br;corp;0;0;0;86;false;False;nao
transf_internacional_divulgada;arquidiocesebh.org.br;corp;0;0;4;255;true;False;nao
transf_internacional_divulgada;assessoriavip.com.br;corp;0;0;0;93;false;False;nao
transf_internacional_divulgada;assist.org.br;corp;0;0;0;64;false;False;nao
transf_internacional_divulgada;atakarejo.com.br;corp;1;0;5;358;true;False;nao
transf_internacional_divulgada;atribuna.com.br;corp;0;1;2;411;true;False;nao
transf_internacional_divulgada;attackshark.net.br;corp;0;0;4;390;true;False;nao
transf_internacional_divulgada;azzaparfums.com.br;corp;0;1;3;173;true;False;nao
transf_internacional_divulgada;belenus.com.br;corp;0;0;1;118;true;False;nao
transf_internacional_divulgada;bigcupom.com.br;corp;0;0;2;101;true;False;nao
transf_internacional_divulgada;bimper.com.br;corp;0;0;0;71;false;False;nao
transf_internacional_divulgada;blips.com.br;corp;0;0;3;165;true;False;nao
transf_internacional_divulgada;bradesco.com.br;corp;0;0;0;73;false;False;sim
transf_internacional_divulgada;celos.com.br;corp;0;1;1;140;true;False;nao
transf_internacional_divulgada;cenprotnacional.org.br;corp;1;1;2;111;true;False;nao
transf_internacional_divulgada;cgdw.com.br;corp;0;1;3;83;true;False;nao
transf_internacional_divulgada;coelhinhadobrasil.com.br;corp;0;0;0;24;false;False;nao
transf_internacional_divulgada;comper.com.br;corp;0;1;5;250;true;False;nao
transf_internacional_divulgada;condominiodedicado.com.br;corp;0;0;1;78;true;False;nao
transf_internacional_divulgada;confiance.com.br;corp;0;0;1;88;true;False;sim
transf_internacional_divulgada;correspondentedinamico.com.br;corp;0;0;0;78;false;False;nao
transf_internacional_divulgada;costaricacolchoes.com.br;corp;0;0;0;361;false;False;nao
transf_internacional_divulgada;cplug.com.br;corp;1;1;6;440;true;False;nao
transf_internacional_divulgada;cupomverde.com.br;corp;0;1;1;236;true;False;nao
transf_internacional_divulgada;curriculointerativo.com.br;corp;0;0;1;302;true;False;sim
transf_internacional_divulgada;cursosheliocouto.com.br;corp;0;0;5;188;true;False;nao
transf_internacional_divulgada;datacaixa.com.br;corp;0;0;1;126;true;False;nao
transf_internacional_divulgada;delupo.com.br;corp;0;0;0;146;false;False;nao
transf_internacional_divulgada;desenhosecolorir.com.br;corp;0;0;1;87;true;False;nao
transf_internacional_divulgada;diplan.com.br;corp;0;1;3;128;true;False;nao
transf_internacional_divulgada;divinosilva.com.br;corp;0;0;0;137;false;False;nao
transf_internacional_divulgada;dreamcasa.com.br;corp;0;0;1;105;true;False;nao
transf_internacional_divulgada;econodata.com.br;corp;0;0;1;125;true;False;nao
transf_internacional_divulgada;encurtador.com.br;corp;0;0;0;94;false;False;nao
transf_internacional_divulgada;evas.com.br;corp;0;0;0;18;false;False;nao
transf_internacional_divulgada;faap.br;corp;0;1;2;161;true;False;nao
transf_internacional_divulgada;feltrimcorrea.com.br;corp;0;0;1;130;true;False;nao
transf_internacional_divulgada;fieltorcedor.com.br;corp;0;1;6;594;true;False;nao
transf_internacional_divulgada;flashapp.com.br;corp;0;1;0;198;false;False;nao
transf_internacional_divulgada;flashnetbrasil.com.br;corp;0;1;4;136;true;False;nao
transf_internacional_divulgada;futebolpaulista.com.br;corp;0;1;2;107;true;False;nao
transf_internacional_divulgada;glam.com.br;corp;0;1;10;1004;true;False;nao
transf_internacional_divulgada;gobrax.com.br;corp;0;1;2;89;true;False;nao
transf_internacional_divulgada;gocache.com.br;corp;0;1;1;231;true;False;nao
transf_internacional_divulgada;goodyear.com.br;corp;0;1;16;503;true;False;nao
transf_internacional_divulgada;goomer.com.br;corp;0;0;0;231;false;False;nao
transf_internacional_divulgada;hachi8.com.br;corp;0;0;0;116;false;False;nao
transf_internacional_divulgada;hcpneus.com.br;corp;0;0;0;60;false;False;nao
transf_internacional_divulgada;iclin.med.br;corp;1;0;0;42;false;False;nao
transf_internacional_divulgada;ideau.com.br;corp;0;0;0;58;false;False;nao
transf_internacional_divulgada;info-bras.net.br;corp;0;0;2;60;true;False;nao
transf_internacional_divulgada;iob.com.br;corp;0;0;1;179;true;False;sim
transf_internacional_divulgada;irmaosdotados.com.br;corp;0;0;1;52;true;False;sim
transf_internacional_divulgada;jornaldacidadeonline.com.br;corp;0;0;0;38;false;False;nao
transf_internacional_divulgada;kiaga.com.br;corp;0;0;9;268;true;False;nao
transf_internacional_divulgada;labmm.com.br;corp;0;0;1;70;true;False;sim
transf_internacional_divulgada;legisweb.com.br;corp;0;0;0;118;false;False;nao
transf_internacional_divulgada;losango.com.br;corp;1;0;0;114;false;False;sim
transf_internacional_divulgada;mailinbox.com.br;corp;0;0;4;41;true;False;nao
transf_internacional_divulgada;maisvagases.com.br;corp;0;0;0;112;false;False;nao
transf_internacional_divulgada;mapeia.com.br;corp;0;0;0;59;false;False;nao
transf_internacional_divulgada;mestresmisticos.com.br;corp;0;0;1;157;true;False;nao
transf_internacional_divulgada;meumoveldemadeira.com.br;corp;0;1;3;284;true;False;nao
transf_internacional_divulgada;moto.com.br;corp;0;1;4;218;true;False;nao
transf_internacional_divulgada;mppr.mp.br;corp;0;0;2;209;true;False;nao
transf_internacional_divulgada;neggos.com.br;corp;0;0;0;21;false;False;nao
transf_internacional_divulgada;newgrouptelecom.com.br;corp;0;0;2;54;true;False;nao
transf_internacional_divulgada;nuvemshop.com.br;corp;0;1;7;423;true;False;nao
transf_internacional_divulgada;odontoexcellence.com.br;corp;0;0;1;35;true;False;nao
transf_internacional_divulgada;ofertasmaiscupons.com.br;corp;0;0;1;117;true;False;nao
transf_internacional_divulgada;ohanakameala.com.br;corp;0;0;2;161;true;False;nao
transf_internacional_divulgada;ole.net.br;corp;0;0;0;28;false;False;sim
transf_internacional_divulgada;opovo.com.br;corp;0;0;1;76;true;False;nao
transf_internacional_divulgada;oresultado.com.br;corp;0;0;0;58;false;False;nao
transf_internacional_divulgada;parisfilmes.com.br;corp;0;0;0;47;false;False;nao
transf_internacional_divulgada;pcd.com.br;corp;1;1;13;837;true;False;nao
transf_internacional_divulgada;pedidook.com.br;corp;1;1;5;182;true;False;nao
transf_internacional_divulgada;pedoimoveis.com.br;corp;0;0;0;67;false;False;nao
transf_internacional_divulgada;plural.jor.br;corp;0;0;0;74;false;False;nao
transf_internacional_divulgada;pravaler.com.br;corp;0;1;1;145;true;False;nao
transf_internacional_divulgada;primeirainfanciaemdados.org.br;corp;1;1;2;83;true;False;nao
transf_internacional_divulgada;realoficial.com.br;corp;0;1;3;289;true;False;nao
transf_internacional_divulgada;redesurftank.com.br;corp;1;1;2;309;true;False;nao
transf_internacional_divulgada;rifapersonalizada.com.br;corp;1;0;0;152;false;False;nao
transf_internacional_divulgada;riomarrecife.com.br;corp;0;1;4;411;true;False;nao
transf_internacional_divulgada;rosaazulkids.com.br;corp;0;1;2;283;true;False;nao
transf_internacional_divulgada;sabin.com.br;corp;1;1;4;277;true;False;nao
transf_internacional_divulgada;segurospromo.com.br;corp;0;0;3;247;true;False;nao
transf_internacional_divulgada;sescmatogrosso.com.br;corp;0;0;1;88;true;False;nao
transf_internacional_divulgada;seucreditodigital.com.br;corp;0;0;0;120;false;False;nao
transf_internacional_divulgada;shopemme.com.br;corp;0;0;1;62;true;False;nao
transf_internacional_divulgada;singularmedicamentos.com.br;corp;0;0;1;267;true;False;nao
transf_internacional_divulgada;soldiersnutrition.com.br;corp;0;0;0;140;false;False;nao
transf_internacional_divulgada;sorasa.com.br;corp;0;0;0;41;false;False;nao
transf_internacional_divulgada;sporti.com.br;corp;0;0;2;96;true;False;nao
transf_internacional_divulgada;telecine.com.br;corp;0;1;9;284;true;False;nao
transf_internacional_divulgada;tigre.com.br;corp;0;1;3;198;true;False;nao
transf_internacional_divulgada;tjsp.jus.br;corp;0;0;0;271;false;False;nao
transf_internacional_divulgada;touti.com.br;corp;0;0;0;22;false;False;nao
transf_internacional_divulgada;tradersbrasil.com.br;corp;0;0;4;148;true;False;nao
transf_internacional_divulgada;tupan.com.br;corp;0;1;5;257;true;False;nao
transf_internacional_divulgada;ufcat.edu.br;corp;0;0;1;103;true;False;nao
transf_internacional_divulgada;uninga.br;corp;0;1;0;41;false;False;nao
transf_internacional_divulgada;uniunica.edu.br;corp;0;1;10;1008;true;False;nao
transf_internacional_divulgada;universoarquivos.com.br;corp;0;1;0;48;false;False;nao
transf_internacional_divulgada;useange.com.br;corp;0;0;1;334;true;False;nao
transf_internacional_divulgada;usjt.br;corp;0;1;6;297;true;False;nao
transf_internacional_divulgada;verdecard.com.br;corp;0;1;1;61;true;False;nao
transf_internacional_divulgada;verzani.com.br;corp;1;1;4;127;true;False;nao
transf_internacional_divulgada;vibraresidencial.com.br;corp;1;0;1;130;true;False;nao
transf_internacional_divulgada;vinilrecords.com.br;corp;0;0;0;95;false;False;nao
transf_internacional_divulgada;vivara.com.br;corp;0;0;0;195;false;False;nao
transf_internacional_divulgada;windx.com.br;corp;0;0;0;180;false;False;nao
transf_internacional_divulgada;zoop.com.br;corp;0;1;7;203;true;False;nao
transf_internacional_divulgada;administracao.pr.gov.br;gov;0;0;3;210;true;False;nao
transf_internacional_divulgada;al.ce.gov.br;gov;0;0;1;235;true;False;nao
transf_internacional_divulgada;cbm.sc.gov.br;gov;0;0;0;62;false;False;nao
transf_internacional_divulgada;cetesb.sp.gov.br;gov;0;1;4;345;true;False;nao
transf_internacional_divulgada;cps.sp.gov.br;gov;0;0;1;167;true;False;nao
transf_internacional_divulgada;denatran.gov.br;gov;1;0;3;510;true;False;nao
transf_internacional_divulgada;fundacaocasa.sp.gov.br;gov;0;0;1;167;true;False;nao
transf_internacional_divulgada;icmbio.gov.br;gov;0;0;3;496;true;False;nao
transf_internacional_divulgada;londrina.pr.gov.br;gov;0;0;1;196;true;False;nao
transf_internacional_divulgada;mapacultural.pe.gov.br;gov;0;0;0;203;false;False;nao
transf_internacional_divulgada;maracanau.ce.gov.br;gov;0;0;5;418;true;False;nao
transf_internacional_divulgada;meioambiente.mg.gov.br;gov;0;0;1;160;true;False;nao
transf_internacional_divulgada;palmas.to.gov.br;gov;0;0;1;192;true;False;nao
transf_internacional_divulgada;parana.pr.gov.br;gov;0;0;2;193;true;False;nao
transf_internacional_divulgada;planalto.gov.br;gov;0;0;4;459;true;False;nao
transf_internacional_divulgada;pma.es.gov.br;gov;0;0;0;83;false;False;nao
transf_internacional_divulgada;pmpr.pr.gov.br;gov;0;0;2;580;true;False;nao
transf_internacional_divulgada;portaldoservidor.mg.gov.br;gov;0;0;1;227;true;False;nao
transf_internacional_divulgada;tcu.gov.br;gov;0;0;2;419;true;False;nao
