site_id;estrato;origem;evidencia_arquivo;status;tem_canal_titular;forma:email_lgpd_controlador;forma:email_grupo_controlador;forma:email_generico_rotulado;forma:subpagina_canal_titular;forma:subpagina_encarregado;forma:telefone_encarregado;forma:formulario_direitos;forma:plataforma_externa_dsr;forma:outro;canal_incerto;finalidade;finalidade_incerto;direitos_titular;direitos_art18_I;direitos_art18_II;direitos_art18_III;direitos_art18_IV;direitos_art18_V;direitos_art18_VI;direitos_art18_VII;direitos_art18_VIII;direitos_art18_IX;direitos_count;direitos_incerto;transf_internacional;transf_subtipo;transf_art17_I;transf_art17_II;transf_art17_III;transf_art17_IV;transf_art17_V;transf_art17_VI;transf_count;transf_incerto;obs
4music.com.br;corp;b9;Rotulagem/evidencia_b9/4music.com.br.txt;text;0;0;0;0;0;0;0;0;0;0;nao;0;nao;0;0;0;0;0;0;0;0;0;0;0;nao;0;silencio;0;0;0;0;0;0;0;nao;
aa.org.br;corp;b9;Rotulagem/evidencia_b9/aa.org.br.txt;text;1;0;0;0;0;0;0;0;0;1;nao;1;nao;1;0;1;1;1;0;0;0;0;0;3;nao;0;silencio;0;0;0;0;0;0;0;nao;
acontecendoaqui.com.br;corp;b9;Rotulagem/evidencia_b9/acontecendoaqui.com.br.txt;text;1;0;0;1;0;0;0;0;0;0;nao;0;sim;1;1;0;1;0;0;0;0;0;0;2;nao;0;silencio;0;0;0;0;0;0;0;nao;
adidas.com.br;corp;b9;Rotulagem/evidencia_b9/adidas.com.br.txt;NA;NA;;;;;;;;;;;NA;;NA;;;;;;;;;;0;;NA;;;;;;;;0;;"TEXTO VISIVEL - PAGINA INICIAL]
adidas Reference Error: 18.d6c1002.[telefone suprimido].3b7e0054 Unfortunately we are unable to give you access to our site at this time. A security issue was automatically identified, when you tried to access the website. What could have caused this? During high-traffic product releases we have extra security in place to prevent bots entering our site. We do this to protect customers and to give everyone a fair chance of getting the sneakers. Something in your setup must have triggered our security system, so we cannot allow you onto the site. How can I resolve this? Please try refreshing or accessing our website from a different browser or another device. You could also check if there are any scripts, like ad blockers, running in your browser and disable them. If this does not help, the issue might be caused by malware. If you're on a personal connection you can run an anti-virus scan on your device to make sure it's not affected by malware. If you're on a shared network, you could ask the system administrator to run a scan looking for misconfigured or infected devices across the network. HTTP 403 - Forbidden"
agoradiario.com.br;corp;b9;Rotulagem/evidencia_b9/agoradiario.com.br.txt;text;0;0;0;0;0;0;0;0;0;0;nao;1;nao;1;0;1;1;1;0;0;0;0;1;4;nao;0;silencio;0;0;0;0;0;0;0;nao;
aime.com.br;corp;b9;Rotulagem/evidencia_b9/aime.com.br.txt;text;1;;;1;;;;;;1;nao;1;nao;1;1;1;1;1;1;;1;;1;7;nao;1;transferencia;0;0;0;0;0;0;0;nao;
ajustconsulting.com.br;corp;b9;Rotulagem/evidencia_b9/ajustconsulting.com.br.txt;NA;NA;;;;;;;;;;nao;NA;nao;NA;;;;;;;;;;0;nao;NA;silencio;;;;;;;0;nao;Site em manutenção
anhangueraferramentas.com.br;corp;b9;Rotulagem/evidencia_b9/anhangueraferramentas.com.br.txt;text;0;;;;;;;;;;nao;1;nao;1;1;1;1;1;1;1;1;1;1;9;nao;0;silencio;;;;;;;0;nao;
anpad.org.br;corp;b9;Rotulagem/evidencia_b9/anpad.org.br.txt;text;1;1;;;;;;;;;nao;1;nao;1;1;1;1;1;1;;1;1;1;8;nao;0;silencio;;;;;;;0;nao;
apisul.com.br;corp;b9;Rotulagem/evidencia_b9/apisul.com.br.txt;text;1;1;;;;;;0;1;1;nao;1;nao;1;1;1;1;1;1;;1;1;1;8;nao;0;silencio;;;;;;;0;nao;
apologeta.com.br;corp;b9;Rotulagem/evidencia_b9/apologeta.com.br.txt;sem_politica;0;;;;;;;;;;nao;0;nao;0;;;;;;;;;;0;nao;0;;;;;;;;0;nao;
aquiacontece.com.br;corp;b9;Rotulagem/evidencia_b9/aquiacontece.com.br.txt;text;1;;;1;;;;;;;nao;1;nao;1;1;1;1;1;1;1;1;1;1;9;nao;1;transferencia;;1;;;;;1;nao;
arcohosting.com.br;corp;b9;Rotulagem/evidencia_b9/arcohosting.com.br.txt;NA;NA;;;;;;;;;;nao;NA;nao;NA;;;;;;;;;;0;nao;NA;;;;;;;;0;nao;Falhou com erro 307
ariastelecom.com.br;corp;b9;Rotulagem/evidencia_b9/ariastelecom.com.br.txt;sem_politica;0;;;;;;;;;;nao;0;nao;0;;;;;;;;;;0;nao;0;silencio;;;;;;;0;nao;
armazemdc.com.br;corp;b9;Rotulagem/evidencia_b9/armazemdc.com.br.txt;text;1;;1;;;;;;;1;nao;1;nao;1;;1;1;1;;;;;;3;nao;0;silencio;;;;;;;0;nao;
arquidiocesebh.org.br;corp;b9;Rotulagem/evidencia_b9/arquidiocesebh.org.br.txt;text;1;1;;;;;;;;;nao;1;nao;1;1;1;1;1;1;1;1;1;;8;nao;0;silencio;;;;;;;0;nao;
assessoriavip.com.br;corp;b9;Rotulagem/evidencia_b9/assessoriavip.com.br.txt;text;1;;1;;;;;;;1;nao;1;nao;1;0;1;1;;1;;;;;3;nao;0;silencio;;;;;;;0;nao;"o campo de Encarregado na política é um placeholder de template não preenchido (""Nome do Encarregado: [JS1]"") com [correio suprimido]."
assist.org.br;corp;b9;Rotulagem/evidencia_b9/assist.org.br.txt;text;1;1;;;1;;;1;;;nao;1;nao;1;1;1;1;1;1;;1;;1;7;nao;0;silencio;;;;;;;0;nao;
atakarejo.com.br;corp;b9;Rotulagem/evidencia_b9/atakarejo.com.br.txt;text;1;1;;;;1;;1;;;nao;1;nao;1;1;1;1;1;1;1;1;1;1;9;nao;0;negacao_explicita;;;;;;;0;nao;
atosoficiais.com.br;corp;b9;Rotulagem/evidencia_b9/atosoficiais.com.br.txt;NA;NA;;;;;;;;;;nao;NA;nao;NA;;;;;;;;;;0;nao;NA;;;;;;;;0;nao;Política capturada da cloudflare https://www.cloudflare.com/pt-br/privacypolicy/
atribuna.com.br;corp;b9;Rotulagem/evidencia_b9/atribuna.com.br.txt;text;1;;1;;;;;;;;nao;1;nao;1;1;1;1;1;1;;;1;1;7;nao;1;transferencia;;1;;;;;1;nao;
attackshark.net.br;corp;b9;Rotulagem/evidencia_b9/attackshark.net.br.txt;text;0;;;;;;;;;;sim;1;nao;1;;1;1;1;;;;;;3;nao;0;silencio;;;;;;;0;nao;
azzaparfums.com.br;corp;b9;Rotulagem/evidencia_b9/azzaparfums.com.br.txt;text;1;;;1;;;;;;;nao;1;nao;1;1;1;1;1;1;1;1;1;1;9;nao;1;transferencia;;;;;;;0;nao;
babaperto.com.br;corp;b9;Rotulagem/evidencia_b9/babaperto.com.br.txt;NA;NA;;;;;;;;;;nao;NA;nao;NA;;;;;;;;;;0;nao;NA;;;;;;;;0;nao;"Não coletamos, mas existe política na URL https://babaperto.com.br/content/tratamento-de-dados-pessoais/, que eu acessei através da cadeia de links ""Sobre a Empresa""->""Informações Legais""->""Política de Privacidade"""
banqi.com.br;corp;b9;Rotulagem/evidencia_b9/banqi.com.br.txt;NA;NA;;;;;;;;;;nao;NA;nao;NA;;;;;;;;;;0;nao;NA;;;;;;;;0;nao;A página foi redirecionada para https://www.casasbahiapay.com.br/, que tem Política de Privacidade
belenus.com.br;corp;b9;Rotulagem/evidencia_b9/belenus.com.br.txt;text;0;;;;;;;;;;nao;1;nao;1;1;1;1;1;1;1;1;1;1;9;nao;0;silencio;;;;;;;0;nao;
biascentroeducacional.com.br;corp;b9;Rotulagem/evidencia_b9/biascentroeducacional.com.br.txt;sem_politica;0;;;;;;;;;;nao;0;nao;0;;;;;;;;;;0;nao;0;silencio;;;;;;;0;nao;
bigcupom.com.br;corp;b9;Rotulagem/evidencia_b9/bigcupom.com.br.txt;text;1;1;;;;;;;;;nao;1;nao;1;1;1;1;1;1;;;;1;6;nao;0;silencio;;;;;;;0;nao;
bilink.com.br;corp;b9;Rotulagem/evidencia_b9/bilink.com.br.txt;sem_politica;0;;;;;;;;;;nao;0;nao;0;;;;;;;;;;0;nao;0;silencio;;;;;;;0;nao;
bimper.com.br;corp;b9;Rotulagem/evidencia_b9/bimper.com.br.txt;text;1;;;1;;;;;;;nao;1;nao;0;;;;;;;;;;0;nao;0;silencio;;;;;;;0;nao;
blips.com.br;corp;b9;Rotulagem/evidencia_b9/blips.com.br.txt;text;1;;;1;;;;;;1;nao;1;nao;1;1;;1;1;1;;;;1;5;nao;0;silencio;;;;;;;0;nao;
boahost.srv.br;corp;b9;Rotulagem/evidencia_b9/boahost.srv.br.txt;NA;NA;;;;;;;;;;nao;NA;nao;NA;;;;;;;;;;0;nao;NA;;;;;;;;0;nao;Site em construção.
bradesco.com.br;corp;b9;Rotulagem/evidencia_b9/bradesco.com.br.txt;text;1;;;;;;;1;;;nao;1;nao;1;1;1;1;1;1;1;1;1;1;9;nao;0;silencio;;;;;;;0;sim;Navegação confusa no site. acordeão não expandido na captura. AS informaçòes que esperávamos estao em https://seguranca.bradesco/seguranca-informacao/lgpd.html
capnology.com.br;corp;b9;Rotulagem/evidencia_b9/capnology.com.br.txt;NA;NA;;;;;;;;;;nao;NA;nao;NA;;;;;;;;;;0;nao;NA;;;;;;;;0;nao;Site em construção.
casaplusloja.com.br;corp;b9;Rotulagem/evidencia_b9/casaplusloja.com.br.txt;NA;NA;;;;;;;;;;nao;NA;nao;NA;;;;;;;;;;0;nao;NA;;;;;;;;0;nao;Site não funcional
cashbarber.com.br;corp;b9;Rotulagem/evidencia_b9/cashbarber.com.br.txt;NA;NA;;;;;;;;;;nao;NA;nao;NA;;;;;;;;;;0;nao;NA;;;;;;;;0;nao;Site não funcional
caup.com.br;corp;b9;Rotulagem/evidencia_b9/caup.com.br.txt;sem_politica;0;;;;;;;;;;nao;0;nao;0;;;;;;;;;;0;nao;0;silencio;;;;;;;0;nao;
ccfonline.com.br;corp;b9;Rotulagem/evidencia_b9/ccfonline.com.br.txt;sem_politica;0;;;;;;;;;;nao;0;nao;0;;;;;;;;;;0;nao;0;silencio;;;;;;;0;nao;
celos.com.br;corp;b9;Rotulagem/evidencia_b9/celos.com.br.txt;text;1;1;;;;;;;;;nao;1;nao;1;1;1;1;1;1;1;1;1;;8;nao;1;transferencia;;;;;;;0;nao;
cenprotnacional.org.br;corp;b9;Rotulagem/evidencia_b9/cenprotnacional.org.br.txt;text;1;;1;;1;;;;;;nao;1;nao;1;1;1;1;1;1;1;;;1;7;nao;1;transferencia;;;;;;;0;nao;
certificacaotecnica.com.br;corp;b9;Rotulagem/evidencia_b9/certificacaotecnica.com.br.txt;NA;NA;;;;;;;;;;nao;NA;nao;NA;;;;;;;;;;0;nao;NA;;;;;;;;0;nao;A página é o login do sistema do site https://www.cpet.com.br/
cgdw.com.br;corp;b9;Rotulagem/evidencia_b9/cgdw.com.br.txt;text;1;;;1;;;;;;;nao;1;nao;1;1;;1;1;;;;;;3;nao;1;transferencia;;;;;;;0;nao;
cgn.inf.br;corp;b9;Rotulagem/evidencia_b9/cgn.inf.br.txt;sem_politica;0;;;;;;;;;;nao;0;nao;0;;;;;;;;;;0;nao;0;silencio;;;;;;;0;nao;
coelhinhadobrasil.com.br;corp;b9;Rotulagem/evidencia_b9/coelhinhadobrasil.com.br.txt;text;0;;;;;;;;;;nao;1;nao;0;;;;;;;;;;0;nao;0;silencio;;;;;;;0;nao;
comper.com.br;corp;b9;Rotulagem/evidencia_b9/comper.com.br.txt;text;1;;1;;;;;;1;1;nao;1;nao;1;1;;1;1;;;1;1;1;6;nao;1;transferencia;;1;;;;;1;nao;
computec.net.br;corp;b9;Rotulagem/evidencia_b9/computec.net.br.txt;sem_politica;0;;;;;;;;;;nao;0;nao;0;;;;;;;;;;0;nao;0;silencio;;;;;;;0;nao;
condominiodedicado.com.br;corp;b9;Rotulagem/evidencia_b9/condominiodedicado.com.br.txt;text;1;;;1;;;;;;;nao;1;nao;1;1;1;1;1;1;1;1;;1;8;nao;0;silencio;;;;;;;0;nao;
confiance.com.br;corp;b9;Rotulagem/evidencia_b9/confiance.com.br.txt;text;1;;;;;;;;1;;nao;1;nao;1;;;;1;1;1;;;;3;nao;0;silencio;;;;;;;0;sim;Dentro do portal de privacidade, havia um link mais a fundo, do aviso de privacidade mais completo em https://privacyportal.onetrust.com/policies/5b28020c-cb42-41dd-b61e-f2604109f516?context=eyJkc1BvcnRhbElkIjoiMGFjZGE4ODgtNDNlZS00OTdjLTk4MmQtMTExMmE2Y2ZhM2NkIn0%3D, que tinha informações sobre transferência internacional e os demais direitos
consyste.com.br;corp;b9;Rotulagem/evidencia_b9/consyste.com.br.txt;sem_politica;0;;;;;;;;;;nao;0;nao;0;;;;;;;;;;0;nao;0;silencio;;;;;;;0;nao;
cooperacoop.com.br;corp;b9;Rotulagem/evidencia_b9/cooperacoop.com.br.txt;sem_politica;0;;;;;;;;;;nao;0;nao;0;;;;;;;;;;0;nao;0;silencio;;;;;;;0;nao;A subpágina encontrada são apenas placeholders que não estão em produção
correspondentedinamico.com.br;corp;b9;Rotulagem/evidencia_b9/correspondentedinamico.com.br.txt;text;0;;;;;;;;;;sim;1;nao;1;;1;1;1;1;;;;1;5;nao;0;silencio;;;;;;;0;nao;
costaricacolchoes.com.br;corp;b9;Rotulagem/evidencia_b9/costaricacolchoes.com.br.txt;text;0;;;;;;;;;;nao;1;nao;0;;;;;;;;;;0;nao;0;silencio;;;;;;;0;nao;
cpc.org.br;corp;b9;Rotulagem/evidencia_b9/cpc.org.br.txt;sem_politica;0;;;;;;;;;;nao;0;nao;0;;;;;;;;;;0;nao;0;silencio;;;;;;;0;nao;
cplug.com.br;corp;b9;Rotulagem/evidencia_b9/cplug.com.br.txt;text;1;;1;;;;;;;;nao;1;nao;1;1;1;1;1;1;1;1;;1;8;nao;1;transferencia;;;;;;;0;nao;
credlineitau.com.br;corp;b9;Rotulagem/evidencia_b9/credlineitau.com.br.txt;NA;NA;;;;;;;;;;nao;NA;nao;NA;;;;;;;;;;0;nao;NA;;;;;;;;0;nao;Página de login de aplicação. Sem conteúdo
css-sistemas.com.br;corp;b9;Rotulagem/evidencia_b9/css-sistemas.com.br.txt;NA;NA;;;;;;;;;;nao;NA;nao;NA;;;;;;;;;;0;nao;NA;;;;;;;;0;nao;Site ainda indisponível
cupomverde.com.br;corp;b9;Rotulagem/evidencia_b9/cupomverde.com.br.txt;text;1;1;;;;;;;;;nao;1;nao;1;1;1;1;1;1;1;1;1;1;9;nao;1;transferencia;;1;;;;;1;nao;
curriculointerativo.com.br;corp;b9;Rotulagem/evidencia_b9/curriculointerativo.com.br.txt;text;1;0;;;;;;1;;;sim;0;sim;1;1;1;1;1;1;1;1;1;1;9;nao;0;silencio;;;;;;;0;sim;A coleta não expandiu adequadamente a subpagina /privacidade/politica-de-privacidade, e perdeu a maioria das informações relevantes, incluindo as finalidades, transferência internacional e o email do DPO
cursosfr.com.br;corp;b9;Rotulagem/evidencia_b9/cursosfr.com.br.txt;NA;NA;;;;;;;;;;nao;NA;nao;NA;;;;;;;;;;0;nao;NA;;;;;;;;0;nao;A subpágina da política é um php, que não renderizou
cursosheliocouto.com.br;corp;b9;Rotulagem/evidencia_b9/cursosheliocouto.com.br.txt;text;1;;1;;;;;;;;nao;1;nao;1;1;1;1;1;1;1;1;1;1;9;nao;0;silencio;;;;;;;0;nao;
cursosnfp.com.br;corp;b9;Rotulagem/evidencia_b9/cursosnfp.com.br.txt;NA;NA;;;;;;;;;;nao;NA;nao;NA;;;;;;;;;;0;nao;NA;;;;;;;;0;nao;A subpágina da política é um php, que não renderizou
datacaixa.com.br;corp;b9;Rotulagem/evidencia_b9/datacaixa.com.br.txt;text;1;;;1;;;;;;1;nao;1;nao;1;1;1;1;1;1;1;1;1;1;9;nao;0;silencio;;;;;;;0;nao;
delupo.com.br;corp;b9;Rotulagem/evidencia_b9/delupo.com.br.txt;text;0;;;;;;;;;;nao;1;nao;1;;;1;;;;;;;1;nao;0;silencio;;;;;;;0;nao;
desenhosecolorir.com.br;corp;b9;Rotulagem/evidencia_b9/desenhosecolorir.com.br.txt;text;0;;;;;;;;;;nao;1;nao;0;;;;;;;;;;0;nao;0;silencio;;;;;;;0;nao;
desenvolvimentodesites.art.br;corp;b9;Rotulagem/evidencia_b9/desenvolvimentodesites.art.br.txt;NA;NA;;;;;;;;;;nao;NA;nao;NA;;;;;;;;;;0;nao;NA;;;;;;;;0;nao;A coleta não expandiu adequadamente a subpagina /privacidade, o que fez com que a evidência não tenha as informações corretas
dhnet.org.br;corp;b9;Rotulagem/evidencia_b9/dhnet.org.br.txt;sem_politica;0;;;;;;;;;;nao;0;nao;0;;;;;;;;;;0;nao;0;silencio;;;;;;;0;nao;
dia.com.br;corp;b9;Rotulagem/evidencia_b9/dia.com.br.txt;NA;NA;;;;;;;;;;nao;NA;nao;NA;;;;;;;;;;0;nao;NA;silencio;;;;;;;0;nao;A política correta estava disponível em um nível adicional de profundidade, em https://www.dia.com.br/politicas-corporativas-protecao-de-dados
diariodecuiaba.com.br;corp;b9;Rotulagem/evidencia_b9/diariodecuiaba.com.br.txt;NA;NA;;;;;;;;;;nao;NA;nao;NA;;;;;;;;;;0;nao;NA;;;;;;;;0;nao;Bloqueado pelo cloudlare
digifred.net.br;corp;b9;Rotulagem/evidencia_b9/digifred.net.br.txt;NA;NA;;;;;;;;;;nao;NA;nao;NA;;;;;;;;;;0;nao;NA;;;;;;;;0;nao;Falhou com status 500
diplan.com.br;corp;b9;Rotulagem/evidencia_b9/diplan.com.br.txt;text;1;;;1;;;;;;;nao;1;nao;1;;1;1;1;1;;;;1;5;nao;1;transferencia;;;;;;;0;nao;
distribuidoraedwiges.com.br;corp;b9;Rotulagem/evidencia_b9/distribuidoraedwiges.com.br.txt;sem_politica;0;;;;;;;;;;nao;0;nao;0;;;;;;;;;;0;nao;0;silencio;;;;;;;0;nao;
divinosilva.com.br;corp;b9;Rotulagem/evidencia_b9/divinosilva.com.br.txt;text;0;;;;;;;;;;nao;1;nao;0;;;;;;;;;;0;nao;0;silencio;;;;;;;0;nao;
dmcardweb.com.br;corp;b9;Rotulagem/evidencia_b9/dmcardweb.com.br.txt;sem_politica;0;;;;;;;;;;nao;0;nao;0;;;;;;;;;;0;nao;0;silencio;;;;;;;0;nao;
donacharme.com.br;corp;b9;Rotulagem/evidencia_b9/donacharme.com.br.txt;text;0;;;;;;;;;;nao;0;nao;0;;;;;;;;;;0;nao;0;silencio;;;;;;;0;nao;
dreamcasa.com.br;corp;b9;Rotulagem/evidencia_b9/dreamcasa.com.br.txt;text;1;;;1;;;;;;;nao;1;nao;1;1;1;1;1;1;;1;;1;7;nao;0;silencio;;;;;;;0;nao;
eadunifatecie.com.br;corp;b9;Rotulagem/evidencia_b9/eadunifatecie.com.br.txt;NA;NA;;;;;;;;;;nao;NA;nao;NA;;;;;;;;;;0;nao;NA;;;;;;;;0;nao;Página de login de aplicação. Sem conteúdo
econodata.com.br;corp;b9;Rotulagem/evidencia_b9/econodata.com.br.txt;text;1;1;;;;;;;;;nao;1;nao;1;1;1;1;1;;1;1;1;1;8;nao;0;silencio;;;;;;;0;nao;
edicoescnbb.com.br;corp;b9;Rotulagem/evidencia_b9/edicoescnbb.com.br.txt;NA;NA;;;;;;;;;;;NA;;NA;;;;;;;;;;0;;NA;;;;;;;;0;;Foi detectada corretamente a política do grupo, no link externo https://www.cnbb.org.br/termo-de-privacidade-cnbb/, mas o conteúdo não está na evidência. O que tem na evidência são os conteúdos de outras políticas.
encurtador.com.br;corp;b9;Rotulagem/evidencia_b9/encurtador.com.br.txt;text;0;;;;;;;;;;nao;1;nao;0;;;;;;;;;;0;nao;0;silencio;;;;;;;0;nao;
essemundoenosso.com.br;corp;b9;Rotulagem/evidencia_b9/essemundoenosso.com.br.txt;NA;NA;;;;;;;;;;;NA;;NA;;;;;;;;;;0;;NA;;;;;;;;0;;A subpágina https://www.essemundoenosso.com.br/politica-de-privacidade/ não foi detectada
evas.com.br;corp;b9;Rotulagem/evidencia_b9/evas.com.br.txt;text;0;;;;;;;;;;nao;1;nao;0;;;;;;;;;;0;nao;0;silencio;;;;;;;0;nao;
faap.br;corp;b9;Rotulagem/evidencia_b9/faap.br.txt;text;1;1;;;;;;1;;1;nao;1;nao;1;1;1;1;1;1;1;1;1;1;9;nao;1;transferencia;;;;;;;0;nao;
fasa.edu.br;corp;b9;Rotulagem/evidencia_b9/fasa.edu.br.txt;NA;NA;;;;;;;;;;;NA;;NA;;;;;;;;;;0;;NA;;;;;;;;0;;Erro 404 ao acessar a página
fcf.com.br;corp;b9;Rotulagem/evidencia_b9/fcf.com.br.txt;sem_politica;0;;;;;;;;;;nao;0;nao;0;;;;;;;;;;0;nao;0;silencio;;;;;;;0;nao;Verificado ao vivo: site sem política de privacidade. Subpágina capturada (///arbitragem/) é falso-positivo da descoberta, não é política
feltrimcorrea.com.br;corp;b9;Rotulagem/evidencia_b9/feltrimcorrea.com.br.txt;text;0;;;;;;;;;;nao;1;nao;1;1;1;1;1;1;1;1;;1;8;nao;0;silencio;;;;;;;0;nao;
fieltorcedor.com.br;corp;b9;Rotulagem/evidencia_b9/fieltorcedor.com.br.txt;text;1;;1;;;;;;;;nao;1;nao;1;1;1;1;1;1;;1;;1;7;nao;1;transferencia;;;;;;;0;nao;Existe uma versão detalhada da política, um nível mais profundo, em https://www.corinthians.com.br/clube/transparencia/protecao-de-dados/politica
filmesporno.com.br;corp;b9;Rotulagem/evidencia_b9/filmesporno.com.br.txt;sem_politica;0;;;;;;;;;;nao;0;nao;0;;;;;;;;;;0;nao;0;silencio;;;;;;;0;nao;Verificado ao vivo: site sem política de privacidade. Subpágina capturada (/debora-peixoto-pelada-em-video-de-sexo-do-privacy/) é falso-positivo da descoberta, não é política
firstapps.com.br;corp;b9;Rotulagem/evidencia_b9/firstapps.com.br.txt;NA;NA;;;;;;;;;;;NA;;NA;;;;;;;;;;0;;NA;;;;;;;;0;;Página de login de site
fisco.net.br;corp;b9;Rotulagem/evidencia_b9/fisco.net.br.txt;sem_politica;0;;;;;;;;;;nao;0;nao;0;;;;;;;;;;0;nao;0;silencio;;;;;;;0;nao;O link para a sub-página leva apenas para um formulário de contato
flashapp.com.br;corp;b9;Rotulagem/evidencia_b9/flashapp.com.br.txt;text;1;;;;;;;1;;;nao;1;nao;1;1;1;1;1;1;;1;1;1;8;nao;1;transferencia;;;;;;;0;nao;A política estava um nível mais profundo na estrutura, em https://flashapp.com.br/hubfs/Pol%C3%ADtica%20de%20privacidade/Pol%C3%ADtica%20de%20Privacidade%20-%20V8.0%20(Uso%20P%C3%BAblico).pdf
flashnetbrasil.com.br;corp;b9;Rotulagem/evidencia_b9/flashnetbrasil.com.br.txt;text;1;1;;;;;;;;;nao;1;nao;1;;1;1;1;1;1;1;1;1;8;nao;1;transferencia;;;;;;;0;nao;
foodzap.com.br;corp;b9;Rotulagem/evidencia_b9/foodzap.com.br.txt;sem_politica;0;;;;;;;;;;nao;0;nao;0;;;;;;;;;;0;nao;0;silencio;;;;;;;0;nao;
forbes.com.br;corp;b9;Rotulagem/evidencia_b9/forbes.com.br.txt;NA;NA;;;;;;;;;;;NA;;NA;;;;;;;;;;0;;NA;;;;;;;;0;;A política fica embedded em um iframe, dentro da subpagina https://forbes.com.br/politica-de-privacidade-e-seguranca/
futebolpaulista.com.br;corp;b9;Rotulagem/evidencia_b9/futebolpaulista.com.br.txt;text;1;;1;;;;;;;;nao;1;nao;1;1;1;1;1;1;1;1;1;1;9;nao;1;transferencia;;;;;;;0;nao;
gbtls.com.br;corp;b9;Rotulagem/evidencia_b9/gbtls.com.br.txt;sem_politica;0;;;;;;;;;;nao;0;nao;0;;;;;;;;;;0;nao;0;silencio;;;;;;;0;nao;
gilix.com.br;corp;b9;Rotulagem/evidencia_b9/gilix.com.br.txt;sem_politica;0;;;;;;;;;;nao;0;nao;0;;;;;;;;;;0;nao;0;silencio;;;;;;;0;nao;
glam.com.br;corp;b9;Rotulagem/evidencia_b9/glam.com.br.txt;text;1;;;;;;;1;;1;nao;1;nao;1;1;1;1;1;1;;1;1;1;8;nao;1;transferencia;;;;;;;0;nao;
go7.dev.br;corp;b9;Rotulagem/evidencia_b9/go7.dev.br.txt;NA;NA;;;;;;;;;;;NA;;NA;;;;;;;;;;0;;NA;;;;;;;;0;;página vazia
gobrax.com.br;corp;b9;Rotulagem/evidencia_b9/gobrax.com.br.txt;text;0;;;;;;;;;;nao;1;nao;1;1;;1;1;;;;;;3;nao;1;transferencia;;;;;;;0;nao;
gocache.com.br;corp;b9;Rotulagem/evidencia_b9/gocache.com.br.txt;text;1;1;;;;;;;;;nao;1;nao;0;;;;;;;;;;0;nao;1;transferencia;;;;;;;0;nao;
goodyear.com.br;corp;b9;Rotulagem/evidencia_b9/goodyear.com.br.txt;text;1;;1;;;;;;;;nao;1;nao;1;1;1;1;1;1;;;;1;6;nao;1;transferencia;;;;;;;0;nao;
goomer.com.br;corp;b9;Rotulagem/evidencia_b9/goomer.com.br.txt;text;1;1;;;;;;;;;nao;0;sim;1;;;;1;;;;;;1;nao;0;silencio;;;;;;;0;nao;Não consegui identificar finalidades específicas, apenas genéricas
hachi8.com.br;corp;b9;Rotulagem/evidencia_b9/hachi8.com.br.txt;text;1;;;1;;;;;;;nao;0;nao;1;1;1;1;1;;;;;;4;nao;0;silencio;;;;;;;0;nao;
hcpneus.com.br;corp;b9;Rotulagem/evidencia_b9/hcpneus.com.br.txt;text;1;;;1;;;;;;;sim;0;nao;1;;;1;1;;;;;;2;nao;0;silencio;;;;;;;0;nao;
hdi.com.br;corp;b9;Rotulagem/evidencia_b9/hdi.com.br.txt;NA;NA;;;;;;;;;;;NA;;NA;;;;;;;;;;0;;NA;;;;;;;;0;;Site bloqueado, provavelmente contra acesso de robos. O site real tinha a política
iclin.med.br;corp;b9;Rotulagem/evidencia_b9/iclin.med.br.txt;text;0;;;;;;;;;;nao;1;nao;0;;;;;;;;;;0;nao;0;silencio;;;;;;;0;nao;Tinha mais uma subpagina que não foi capturada, e que tinha mais dados https://iclin.med.br/iclin/login/politicap.php
ideau.com.br;corp;b9;Rotulagem/evidencia_b9/ideau.com.br.txt;text;0;;;;;;;;;;nao;1;nao;0;;;;;;;;;;0;nao;0;silencio;;;;;;;0;nao;
ifractal.com.br;corp;b9;Rotulagem/evidencia_b9/ifractal.com.br.txt;NA;NA;;;;;;;;;;;NA;;NA;;;;;;;;;;0;;NA;;;;;;;;0;;A subpagina identificada contem a política, maso conteúdo não foi capturado https://ifractal.com.br/politica-de-privacidade/
imobiliariaato.com.br;corp;b9;Rotulagem/evidencia_b9/imobiliariaato.com.br.txt;sem_politica;0;;;;;;;;;;nao;0;nao;0;;;;;;;;;;0;nao;0;silencio;;;;;;;0;nao;
info-bras.net.br;corp;b9;Rotulagem/evidencia_b9/info-bras.net.br.txt;text;0;;;;;;;;;;nao;1;nao;1;;;;;;;;;1;1;nao;0;;;;;;;;0;nao;
inmedia.com.br;corp;b9;Rotulagem/evidencia_b9/inmedia.com.br.txt;sem_politica;0;;;;;;;;;;nao;0;nao;0;;;;;;;;;;0;nao;0;;;;;;;;0;nao;
invictusmanipulacao.com.br;corp;b9;Rotulagem/evidencia_b9/invictusmanipulacao.com.br.txt;NA;NA;;;;;;;;;;;NA;;NA;;;;;;;;;;0;;NA;;;;;;;;0;;Coleta bloqueada por anti-bot Executando verificação de segurança Este site utiliza um serviço de segurança para proteção contra bots maliciosos. Esta página é exibida enquanto o site verifica se você não é um bot.
iob.com.br;corp;b9;Rotulagem/evidencia_b9/iob.com.br.txt;text;1;1;;;1;;;;;;nao;0;sim;1;1;1;1;1;1;1;1;;1;8;nao;0;silencio;;;;;;;0;sim;A incerteza vem da subpagina https://iob.com.br/aviso-de-privacidade/ que não foi cloetada, e que tinha as informações sobre finalidade e transferência internacional
ipasgosaude.com.br;corp;b9;Rotulagem/evidencia_b9/ipasgosaude.com.br.txt;NA;NA;;;;;;;;;;;NA;;NA;;;;;;;;;;0;;NA;;;;;;;;0;;A política estava um nível mais profundo. Era um pdf em https://portalgestao.ipasgosaude.com.br/upload/legislacao/politica-de-privacidade-e-protecao-de-dados-pessoais-do-ipasgo-saude.pdf
iplaza.com.br;corp;b9;Rotulagem/evidencia_b9/iplaza.com.br.txt;sem_politica;0;;;;;;;;;;nao;0;nao;0;;;;;;;;;;0;nao;0;silencio;;;;;;;0;nao;
irmaosdotados.com.br;corp;b9;Rotulagem/evidencia_b9/irmaosdotados.com.br.txt;text;0;;;;;;;;;;sim;1;sim;1;1;1;1;;;;1;;;4;sim;0;silencio;;;;;;;0;sim;A incerteza é porque não consegui acessar o texto da evidência na navegação ao vivo
jbytes.com.br;corp;b9;Rotulagem/evidencia_b9/jbytes.com.br.txt;sem_politica;0;;;;;;;;;;nao;0;nao;0;;;;;;;;;;0;nao;0;silencio;;;;;;;0;nao;
jjnetweb.com.br;corp;b9;Rotulagem/evidencia_b9/jjnetweb.com.br.txt;sem_politica;0;;;;;;;;;;nao;0;nao;0;;;;;;;;;;0;nao;0;silencio;;;;;;;0;nao;
jobijoba.com.br;corp;b9;Rotulagem/evidencia_b9/jobijoba.com.br.txt;NA;NA;;;;;;;;;;;NA;;NA;;;;;;;;;;0;;NA;;;;;;;;0;;O fetcher não capturou a subpagina https://www.jobijoba.com.br/politica-de-dados, que continha os dados que precisávamos
jonhdrop.com.br;corp;b9;Rotulagem/evidencia_b9/jonhdrop.com.br.txt;sem_politica;0;;;;;;;;;;nao;0;nao;0;;;;;;;;;;0;nao;0;silencio;;;;;;;0;nao;O link para a política de privacidade no site leva para a própria homepage
jornaldacidadeonline.com.br;corp;b9;Rotulagem/evidencia_b9/jornaldacidadeonline.com.br.txt;text;0;;;;;;;;;;nao;0;nao;0;;;;;;;;;;0;nao;0;silencio;;;;;;;0;nao;
kiaga.com.br;corp;b9;Rotulagem/evidencia_b9/kiaga.com.br.txt;text;0;;;;;;;;;;nao;1;nao;0;;;;;;;;;;0;nao;0;silencio;;;;;;;0;nao;
labmm.com.br;corp;b9;Rotulagem/evidencia_b9/labmm.com.br.txt;text;1;;;;;;;1;;;nao;1;nao;1;;;;1;1;1;;;;3;nao;0;silencio;;;;;;;0;sim;A incerteza é motivada pelo fetcher não ter coletado a política detalhada, através do link Avido de Privacidade do Grupo Fleury, que aponta para https://privacyportal.onetrust.com/policies/5b28020c-cb42-41dd-b61e-f2604109f516?context=eyJkc1BvcnRhbElkIjoiMGFjZGE4ODgtNDNlZS00OTdjLTk4MmQtMTExMmE2Y2ZhM2NkIn0%3D
lazzulijoias.com.br;corp;b9;Rotulagem/evidencia_b9/lazzulijoias.com.br.txt;NA;NA;;;;;;;;;;;NA;;NA;;;;;;;;;;0;;NA;;;;;;;;0;;Falha na captura da página e subpagina https://www.lazzulijoias.com.br/politica-privacidade/
legisweb.com.br;corp;b9;Rotulagem/evidencia_b9/legisweb.com.br.txt;text;0;;;;;;;;;;nao;1;nao;1;1;1;1;1;;;1;;1;6;nao;0;silencio;;;;;;;0;nao;
lindacasa.com.br;corp;b9;Rotulagem/evidencia_b9/lindacasa.com.br.txt;NA;NA;;;;;;;;;;;NA;;NA;;;;;;;;;;0;;NA;;;;;;;;0;;O fetcher não renderizou adequadamente a subpágina https://www.lindacasa.com.br/atendimento/politica-de-privacidade, talvez seja um iframe.
loginsiscon.com.br;corp;b9;Rotulagem/evidencia_b9/loginsiscon.com.br.txt;NA;NA;;;;;;;;;;;NA;;NA;;;;;;;;;;0;;NA;;;;;;;;0;;Não renderiza, e parece ser a página de login de uma aplicação
losango.com.br;corp;b9;Rotulagem/evidencia_b9/losango.com.br.txt;text;1;;;;;1;;1;;;nao;1;nao;0;;;;;;;;;;0;sim;0;silencio;;;;;;;0;sim;
mailinbox.com.br;corp;b9;Rotulagem/evidencia_b9/mailinbox.com.br.txt;text;1;;;1;;;;;;;sim;1;nao;1;;;1;1;;;;;;2;sim;0;silencio;;;;;;;0;nao;
maisesports.com.br;corp;b9;Rotulagem/evidencia_b9/maisesports.com.br.txt;sem_politica;0;;;;;;;;;;nao;0;nao;0;;;;;;;;;;0;nao;0;silencio;;;;;;;0;nao;
maisvagases.com.br;corp;b9;Rotulagem/evidencia_b9/maisvagases.com.br.txt;text;0;;;;;;;;;;nao;0;nao;0;;;;;;;;;;0;nao;0;silencio;;;;;;;0;nao;
mapeia.com.br;corp;b9;Rotulagem/evidencia_b9/mapeia.com.br.txt;text;1;1;;;;;;;;;nao;1;nao;1;;1;0;1;0;;;;;2;nao;0;silencio;;;;;;;0;nao;
megaflash.com.br;corp;b9;Rotulagem/evidencia_b9/megaflash.com.br.txt;NA;NA;;;;;;;;;;;NA;;NA;;;;;;;;;;0;;NA;;;;;;;;0;;O site é a página de login de um aplicativo
mestresmisticos.com.br;corp;b9;Rotulagem/evidencia_b9/mestresmisticos.com.br.txt;text;0;;;;;;;;;;nao;1;nao;1;;1;1;1;1;;;;;4;nao;0;silencio;;;;;;;0;nao;
meumoveldemadeira.com.br;corp;b9;Rotulagem/evidencia_b9/meumoveldemadeira.com.br.txt;text;1;;;1;;;;;;;sim;1;nao;1;1;1;1;1;;1;1;1;1;8;nao;1;transferencia;;;;;;;0;nao;
microxisto.com.br;corp;b9;Rotulagem/evidencia_b9/microxisto.com.br.txt;NA;NA;;;;;;;;;;;NA;;NA;;;;;;;;;;0;;NA;;;;;;;;0;;A política estava em outro caminho https://microxisto.com.br/site/politica-de-privacidade.php
moto.com.br;corp;b9;Rotulagem/evidencia_b9/moto.com.br.txt;text;1;;;1;;;;;;;nao;1;nao;1;0;1;1;1;1;;;;1;5;nao;1;transferencia;;;;;;;0;nao;
mppr.mp.br;corp;b9;Rotulagem/evidencia_b9/mppr.mp.br.txt;text;0;;;;;;;;;;nao;1;sim;0;;;;;;;;;;0;nao;0;silencio;;;;;;;0;nao;Sites .mp.br são sites do extrato gov.
mundorh.com.br;corp;b9;Rotulagem/evidencia_b9/mundorh.com.br.txt;sem_politica;0;;;;;;;;;;nao;0;nao;0;;;;;;;;;;0;nao;0;silencio;;;;;;;0;nao;
neggos.com.br;corp;b9;Rotulagem/evidencia_b9/neggos.com.br.txt;text;0;;;;;;;;;;nao;0;nao;0;;;;;;;;;;0;nao;0;silencio;;;;;;;0;nao;
newgrouptelecom.com.br;corp;b9;Rotulagem/evidencia_b9/newgrouptelecom.com.br.txt;text;0;;;;;;;;;;nao;1;nao;1;;1;1;1;;;;;1;4;nao;0;silencio;;;;;;;0;nao;
nipotech.com.br;corp;b9;Rotulagem/evidencia_b9/nipotech.com.br.txt;text;0;;;;;;;;;;nao;1;nao;0;;;;;;;;;;0;nao;0;silencio;;;;;;;0;nao;
novolog.com.br;corp;b9;Rotulagem/evidencia_b9/novolog.com.br.txt;NA;NA;;;;;;;;;;;NA;;NA;;;;;;;;;;0;;NA;;;;;;;;0;;O site é a página de login de um aplicativo
nuvemshop.com.br;corp;b9;Rotulagem/evidencia_b9/nuvemshop.com.br.txt;text;1;1;;;;;;1;;;nao;1;nao;1;1;1;1;1;1;1;1;1;1;9;nao;1;transferencia;;;;;;;0;nao;
odontoexcellence.com.br;corp;b9;Rotulagem/evidencia_b9/odontoexcellence.com.br.txt;text;0;;;;;;;;;;sim;1;nao;1;1;1;1;1;1;;;;;5;nao;0;silencio;;;;;;;0;nao;
ofertasmaiscupons.com.br;corp;b9;Rotulagem/evidencia_b9/ofertasmaiscupons.com.br.txt;text;0;;;;;;;;;;nao;1;nao;1;1;1;1;1;1;;;;1;6;nao;0;silencio;;;;;;;0;nao;
ohanakameala.com.br;corp;b9;Rotulagem/evidencia_b9/ohanakameala.com.br.txt;text;1;;;1;;;;;;;nao;1;nao;1;1;1;1;1;1;1;1;1;1;9;nao;0;silencio;;;;;;;0;nao;
ole.net.br;corp;b9;Rotulagem/evidencia_b9/ole.net.br.txt;text;1;;;1;;;;;;;nao;1;nao;0;;;;;;;;;;0;sim;0;silencio;;;;;;;0;sim;Havia uma política de privacidade completa em pdf, que poderia ter sido acessada em https://framerusercontent.com/assets/zZc86Wb61Wro9FRnlBeM1Ph30.pdf
opovo.com.br;corp;b9;Rotulagem/evidencia_b9/opovo.com.br.txt;text;0;0;;;;;;;;;nao;1;nao;0;;;;;;;;;;0;nao;0;silencio;;;;;;;0;nao;
oprimorico.com.br;corp;b9;Rotulagem/evidencia_b9/oprimorico.com.br.txt;sem_politica;1;;;;;;;1;;;nao;0;nao;0;;;;;;;;;;0;nao;0;silencio;;;;;;;0;nao;
optjuntos.com.br;corp;b9;Rotulagem/evidencia_b9/optjuntos.com.br.txt;NA;NA;;;;;;;;;;;NA;;NA;;;;;;;;;;0;;NA;;;;;;;;0;;A página não tem conteúdo nenhum
oresultado.com.br;corp;b9;Rotulagem/evidencia_b9/oresultado.com.br.txt;text;0;;;;;;;;;;nao;0;nao;0;;;;;;;;;;0;nao;0;silencio;;;;;;;0;nao;
ortrossolucoes.com.br;corp;b9;Rotulagem/evidencia_b9/ortrossolucoes.com.br.txt;NA;NA;;;;;;;;;;;NA;;NA;;;;;;;;;;0;;NA;;;;;;;;0;;A subpágina politica_privacidade.html que a evidência indica como vazia, tem todo o conteúdo da política. Falha de coleta
parisfilmes.com.br;corp;b9;Rotulagem/evidencia_b9/parisfilmes.com.br.txt;text;1;1;;;;;;;;1;nao;1;nao;0;;;;;;;;;;0;sim;0;silencio;;;;;;;0;nao;
pcd.com.br;corp;b9;Rotulagem/evidencia_b9/pcd.com.br.txt;text;1;1;;;;;;;;1;nao;1;nao;1;;1;1;1;1;1;;1;1;7;nao;1;transferencia;;;;;;;0;nao;
pedb.com.br;corp;b9;Rotulagem/evidencia_b9/pedb.com.br.txt;sem_politica;0;;;;;;;;;;nao;0;nao;0;;;;;;;;;;0;nao;0;silencio;;;;;;;0;nao;
pedidook.com.br;corp;b9;Rotulagem/evidencia_b9/pedidook.com.br.txt;text;1;1;;;;;;;;;nao;1;nao;1;1;1;1;1;1;;1;;1;7;nao;1;transferencia;;;;;;;0;nao;
pedoimoveis.com.br;corp;b9;Rotulagem/evidencia_b9/pedoimoveis.com.br.txt;text;1;1;;;;;;;;;nao;1;nao;1;1;;1;;1;;;;1;4;nao;0;silencio;;;;;;;0;nao;
pestsysspider.com.br;corp;b9;Rotulagem/evidencia_b9/pestsysspider.com.br.txt;NA;NA;;;;;;;;;;;NA;;NA;;;;;;;;;;0;;NA;;;;;;;;0;;página com erro 404
plastserver.com.br;corp;b9;Rotulagem/evidencia_b9/plastserver.com.br.txt;NA;NA;;;;;;;;;;;NA;;NA;;;;;;;;;;0;;NA;;;;;;;;0;;pãgina com erro 403
plural.jor.br;corp;b9;Rotulagem/evidencia_b9/plural.jor.br.txt;text;0;;;;;;;;;;nao;1;nao;0;;;;;;;;;;0;nao;0;silencio;;;;;;;0;nao;
pncq.org.br;corp;b9;Rotulagem/evidencia_b9/pncq.org.br.txt;sem_politica;0;;;;;;;;;;nao;0;nao;0;;;;;;;;;;0;nao;0;;;;;;;;0;nao;
pravaler.com.br;corp;b9;Rotulagem/evidencia_b9/pravaler.com.br.txt;text;1;1;;;;;;;;;nao;1;nao;1;1;1;1;1;1;;1;;1;7;nao;1;transferencia;;;;;;;0;nao;
prazerlivre.com.br;corp;b9;Rotulagem/evidencia_b9/prazerlivre.com.br.txt;NA;NA;;;;;;;;;;;NA;;NA;;;;;;;;;;0;;NA;;;;;;;;0;;DNS_PROBE_FINISHED_NXDOMAIN
primeirainfanciaemdados.org.br;corp;b9;Rotulagem/evidencia_b9/primeirainfanciaemdados.org.br.txt;text;1;;1;;;;;;;;nao;1;nao;1;1;1;1;1;1;1;1;1;1;9;nao;1;transferencia;;;;;;;0;nao;
radioculturafoz.com.br;corp;b9;Rotulagem/evidencia_b9/radioculturafoz.com.br.txt;sem_politica;0;;;;;;;;;;nao;0;nao;0;;;;;;;;;;0;nao;0;silencio;;;;;;;0;nao;
realoficial.com.br;corp;b9;Rotulagem/evidencia_b9/realoficial.com.br.txt;text;1;1;;;;;;;;;nao;1;nao;1;1;1;1;1;1;1;1;;1;8;nao;1;transferencia;;;;;;;0;nao;
redesurftank.com.br;corp;b9;Rotulagem/evidencia_b9/redesurftank.com.br.txt;text;1;;0;1;;;;;;;nao;1;nao;1;1;1;1;1;1;1;1;;1;8;nao;1;transferencia;;;;;;;0;nao;
relogioonline.com.br;corp;b9;Rotulagem/evidencia_b9/relogioonline.com.br.txt;text;0;;;;;;;;;;nao;1;sim;0;;;;;;;;;;0;nao;0;silencio;;;;;;;0;nao;AS evidências foram coletadas em inglês, mas o site disponibiliza a política em português
rifapersonalizada.com.br;corp;b9;Rotulagem/evidencia_b9/rifapersonalizada.com.br.txt;text;0;;;;;;;;;;nao;1;nao;0;;;;;;;;;;0;nao;0;silencio;;;;;;;0;nao;
riomarrecife.com.br;corp;b9;Rotulagem/evidencia_b9/riomarrecife.com.br.txt;text;1;;1;;;;;;;;nao;1;nao;1;;1;;;;;;;;1;nao;1;transferencia;;;;;;;0;nao;
rosaazulkids.com.br;corp;b9;Rotulagem/evidencia_b9/rosaazulkids.com.br.txt;text;1;;;1;;;;;;;nao;1;nao;1;1;1;1;1;1;1;1;1;1;9;nao;1;transferencia;;;;;;;0;nao;
sabin.com.br;corp;b9;Rotulagem/evidencia_b9/sabin.com.br.txt;text;1;1;;;;;;1;;;nao;1;nao;1;1;1;1;1;1;1;1;1;1;9;nao;1;transferencia;;;;;;;0;nao;
saviatendimento.com.br;corp;b9;Rotulagem/evidencia_b9/saviatendimento.com.br.txt;NA;NA;;;;;;;;;;;NA;;NA;;;;;;;;;;0;;NA;;;;;;;;0;;página de login de aplicativo
savwinweb1.com.br;corp;b9;Rotulagem/evidencia_b9/savwinweb1.com.br.txt;NA;NA;;;;;;;;;;;NA;;NA;;;;;;;;;;0;;NA;;;;;;;;0;;página com erro 404
sbgg.org.br;corp;b9;Rotulagem/evidencia_b9/sbgg.org.br.txt;NA;NA;;;;;;;;;;;NA;;NA;;;;;;;;;;0;;NA;;;;;;;;0;;"A política está dentro de um iframe <iframe src=""https://docs.google.com/viewer?url=https://d1xe7tfg0uwul9.cloudfront.net/sbgg.org.br/wp-content/uploads/2024/08/SBGG_Termo_de_Consentimento_LGPD.pdf&amp;embedded=true"" style=""display: block; margin-left: auto; margin-right: auto; width: 780px; height: 1020px;"" frameborder=""1"" marginheight=""0px"" marginwidth=""0px"" allowfullscreen=""""></iframe>"
se77e.com.br;corp;b9;Rotulagem/evidencia_b9/se77e.com.br.txt;NA;NA;;;;;;;;;;;NA;;NA;;;;;;;;;;0;;NA;;;;;;;;0;;Cai na página do plesk, um hosting control panel
segurospromo.com.br;corp;b9;Rotulagem/evidencia_b9/segurospromo.com.br.txt;text;1;;1;;;;;;;;nao;1;nao;1;1;1;1;1;1;1;1;1;1;9;nao;0;silencio;;;;;;;0;nao;
sescmatogrosso.com.br;corp;b9;Rotulagem/evidencia_b9/sescmatogrosso.com.br.txt;text;1;1;;;;;;;;;nao;1;nao;1;;1;1;1;;;;;;3;nao;0;silencio;;;;;;;0;nao;
seucreditodigital.com.br;corp;b9;Rotulagem/evidencia_b9/seucreditodigital.com.br.txt;text;0;;;;;;;;;;nao;1;nao;0;;;;;;;;;;0;nao;0;silencio;;;;;;;0;nao;
sexocomcafe.com.br;corp;b9;Rotulagem/evidencia_b9/sexocomcafe.com.br.txt;NA;NA;;;;;;;;;;;NA;;NA;;;;;;;;;;0;;NA;;;;;;;;0;;O fetcher não conseguiu fazer a coleta da política que está em https://sexocomcafe.com.br/Termos.aspx#PoliticaPrivacidade
shopemme.com.br;corp;b9;Rotulagem/evidencia_b9/shopemme.com.br.txt;text;1;;;1;;;;;;;nao;0;nao;1;;1;1;1;;;;;1;4;nao;0;silencio;;;;;;;0;nao;
sinaldoceu.com.br;corp;b9;Rotulagem/evidencia_b9/sinaldoceu.com.br.txt;sem_politica;0;;;;;;;;;;nao;0;nao;0;;;;;;;;;;0;nao;0;silencio;;;;;;;0;nao;
singularmedicamentos.com.br;corp;b9;Rotulagem/evidencia_b9/singularmedicamentos.com.br.txt;text;1;1;;;;;;;;;nao;1;nao;1;1;;1;1;1;1;1;1;1;8;nao;0;silencio;;;;;;;0;nao;
sitexpresso.com.br;corp;b9;Rotulagem/evidencia_b9/sitexpresso.com.br.txt;sem_politica;0;;;;;;;;;;nao;0;nao;0;;;;;;;;;;0;nao;0;silencio;;;;;;;0;nao;
soldiersnutrition.com.br;corp;b9;Rotulagem/evidencia_b9/soldiersnutrition.com.br.txt;text;0;;;;;;;;;;nao;1;nao;1;1;;1;1;1;;1;1;1;7;nao;0;silencio;;;;;;;0;nao;
sorasa.com.br;corp;b9;Rotulagem/evidencia_b9/sorasa.com.br.txt;text;0;;;;;;;;;;nao;1;nao;0;;;;;;;;;;0;nao;0;silencio;;;;;;;0;nao;
sporti.com.br;corp;b9;Rotulagem/evidencia_b9/sporti.com.br.txt;text;1;1;;;;;;;;;nao;1;nao;1;1;1;1;1;1;1;1;;1;8;nao;0;silencio;;;;;;;0;nao;
ssmtelecom.com.br;corp;b9;Rotulagem/evidencia_b9/ssmtelecom.com.br.txt;sem_politica;0;;;;;;;;;;nao;0;nao;0;;;;;;;;;;0;nao;0;silencio;;;;;;;0;nao;
stamp.com.br;corp;b9;Rotulagem/evidencia_b9/stamp.com.br.txt;text;0;;;;;;;;;;nao;1;nao;0;;;;;;;;;;0;nao;0;silencio;;;;;;;0;nao;
technobytes.com.br;corp;b9;Rotulagem/evidencia_b9/technobytes.com.br.txt;sem_politica;0;;;;;;;;;;nao;0;nao;0;;;;;;;;;;0;nao;0;silencio;;;;;;;0;nao;
telecine.com.br;corp;b9;Rotulagem/evidencia_b9/telecine.com.br.txt;text;1;;;;;;;1;;;nao;1;nao;1;1;1;1;1;1;1;1;1;1;9;nao;1;transferencia;;;;;;;0;nao;
tfseven.com.br;corp;b9;Rotulagem/evidencia_b9/tfseven.com.br.txt;NA;NA;;;;;;;;;;;NA;;NA;;;;;;;;;;0;;NA;;;;;;;;0;;A subpágina detectada tem os termos de uso, mas o fetcher não conseguiu buscar
tigre.com.br;corp;b9;Rotulagem/evidencia_b9/tigre.com.br.txt;text;1;1;;;;;;;;1;nao;0;nao;1;1;1;1;1;1;1;1;1;1;9;nao;1;transferencia;;;;;;;0;nao;
tjsp.jus.br;corp;b9;Rotulagem/evidencia_b9/tjsp.jus.br.txt;text;1;1;;;;;;;;;nao;1;nao;0;;;;;;;;;;0;nao;0;silencio;;;;;;;0;nao;Dois pontos aqui. O estrato dos sites.jus.br é gov. O segundo é que o fetcher não conseguiu chegar na política em pdf, que estava em nível mais profundo https://www.tjsp.jus.br/Download/Portal/LGPD/Portaria_LGPD_9923-2020-2.pdf
to.def.br;corp;b9;Rotulagem/evidencia_b9/to.def.br.txt;NA;NA;;;;;;;;;;;NA;;NA;;;;;;;;;;0;;NA;;;;;;;;0;;Sites .def.br são estrato gov. A página existia, mas o fetcher recebeu erro 404. A política está em https://www.defensoria.to.def.br/lgpd/politica
touti.com.br;corp;b9;Rotulagem/evidencia_b9/touti.com.br.txt;text;0;;;;;;;;;;nao;1;nao;0;;;;;;;;;;0;nao;0;silencio;;;;;;;0;nao;
tradersbrasil.com.br;corp;b9;Rotulagem/evidencia_b9/tradersbrasil.com.br.txt;text;0;;;;;;;;;;nao;1;nao;1;1;1;1;1;1;1;1;1;;8;nao;0;silencio;;;;;;;0;nao;
tupan.com.br;corp;b9;Rotulagem/evidencia_b9/tupan.com.br.txt;text;1;;1;;;;;;;;nao;1;nao;1;1;1;1;1;1;1;1;1;1;9;nao;1;transferencia;;;;;1;;1;nao;
turbocloud.com.br;corp;b9;Rotulagem/evidencia_b9/turbocloud.com.br.txt;sem_politica;0;;;;;;;;;;nao;0;nao;0;;;;;;;;;;0;nao;0;silencio;;;;;;;0;nao;
ufcat.edu.br;corp;b9;Rotulagem/evidencia_b9/ufcat.edu.br.txt;text;1;1;;;;;;;;;nao;1;nao;1;1;1;1;1;;;1;;;5;nao;0;silencio;;;;;;;0;nao;
unifatecie.edu.br;corp;b9;Rotulagem/evidencia_b9/unifatecie.edu.br.txt;NA;NA;;;;;;;;;;;NA;;NA;;;;;;;;;;0;;NA;;;;;;;;0;;O site possui política em https://site.unifatecie.edu.br/politica-privacidade/, mas era necessário escolher na página de abertura entre curso presencial e EAD, antes de habilitar o banner que tem o link para a subpagina
unifil.br;corp;b9;Rotulagem/evidencia_b9/unifil.br.txt;sem_politica;0;;;;;;;;;;nao;0;nao;0;;;;;;;;;;0;nao;0;silencio;;;;;;;0;nao;As subpaginas trazidas não são de privacidade
unila.edu.br;corp;b9;Rotulagem/evidencia_b9/unila.edu.br.txt;sem_politica;0;;;;;;;;;;nao;0;nao;0;;;;;;;;;;0;nao;0;silencio;;;;;;;0;nao;As subpaginas trazidas não são de privacidade
uninga.br;corp;b9;Rotulagem/evidencia_b9/uninga.br.txt;text;1;;;1;;;;;;;nao;1;nao;1;0;1;1;1;1;1;1;1;1;8;nao;1;transferencia;;;;;;;0;nao;
uniunica.edu.br;corp;b9;Rotulagem/evidencia_b9/uniunica.edu.br.txt;text;1;;1;;;;;;;;nao;1;nao;1;1;1;1;1;1;1;1;1;1;9;nao;1;transferencia;;1;;1;;;2;nao;
universoarquivos.com.br;corp;b9;Rotulagem/evidencia_b9/universoarquivos.com.br.txt;text;0;;;;;;;;;;nao;1;nao;0;;;;;;;;;;0;nao;1;transferencia;;1;;;;;1;nao;
useange.com.br;corp;b9;Rotulagem/evidencia_b9/useange.com.br.txt;text;0;;;;;;;;;;nao;1;nao;1;;;1;1;;;;;;2;nao;0;silencio;;;;;;;0;nao;
usenow.com.br;corp;b9;Rotulagem/evidencia_b9/usenow.com.br.txt;NA;NA;;;;;;;;;;;NA;;NA;;;;;;;;;;0;;NA;;;;;;;;0;;O site é a página de login de um aplicativo
usevenari.com.br;corp;b9;Rotulagem/evidencia_b9/usevenari.com.br.txt;NA;NA;;;;;;;;;;;NA;;NA;;;;;;;;;;0;;NA;;;;;;;;0;;A evidência não capturou a página, mas a política está em https://www.venari.com.br/politicadeprivacidade
usjt.br;corp;b9;Rotulagem/evidencia_b9/usjt.br.txt;text;1;;1;;;;;;;;nao;1;nao;1;1;1;1;1;1;;;;1;6;nao;1;transferencia;;1;;;;;1;nao;
verdecard.com.br;corp;b9;Rotulagem/evidencia_b9/verdecard.com.br.txt;text;1;;1;;;;;1;;;nao;1;nao;1;;1;1;1;1;;;;1;5;nao;1;transferencia;;;;;;;0;nao;
verzani.com.br;corp;b9;Rotulagem/evidencia_b9/verzani.com.br.txt;text;1;1;;;;;;;;;nao;1;nao;1;1;1;1;1;1;;1;1;1;8;nao;1;transferencia;;;;;;;0;nao;
vfleets.com.br;corp;b9;Rotulagem/evidencia_b9/vfleets.com.br.txt;NA;NA;;;;;;;;;;;NA;;NA;;;;;;;;;;0;;NA;;;;;;;;0;;O site é a página de login de um aplicativo
via.com.br;corp;b9;Rotulagem/evidencia_b9/via.com.br.txt;NA;NA;;;;;;;;;;;NA;;NA;;;;;;;;;;0;;NA;;;;;;;;0;;Site retornou erro 403
viabrs.com.br;corp;b9;Rotulagem/evidencia_b9/viabrs.com.br.txt;sem_politica;0;;;;;;;;;;nao;0;nao;0;;;;;;;;;;0;nao;0;silencio;;;;;;;0;nao;
vibraresidencial.com.br;corp;b9;Rotulagem/evidencia_b9/vibraresidencial.com.br.txt;text;1;;1;;;;;;;;nao;1;nao;0;;;;;;;;;;0;nao;0;silencio;;;;;;;0;nao;
videosdesexo.com.br;corp;b9;Rotulagem/evidencia_b9/videosdesexo.com.br.txt;sem_politica;0;;;;;;;;;;nao;0;nao;0;;;;;;;;;;0;nao;0;silencio;;;;;;;0;nao;
vinilrecords.com.br;corp;b9;Rotulagem/evidencia_b9/vinilrecords.com.br.txt;text;0;;;;;;;;;;nao;1;nao;0;;;;;;;;;;0;nao;0;silencio;;;;;;;0;nao;
vivara.com.br;corp;b9;Rotulagem/evidencia_b9/vivara.com.br.txt;text;1;1;;;;;;;;;nao;1;nao;1;1;1;1;;1;;;;1;5;nao;0;silencio;;;;;;;0;nao;
warnerbros.com.br;corp;b9;Rotulagem/evidencia_b9/warnerbros.com.br.txt;NA;NA;;;;;;;;;;;NA;;NA;;;;;;;;;;0;;NA;;;;;;;;0;;O fethcer identificou o link, mas não trouxe a política, que estava em https://www.wbdprivacy.com/policycenter/b2c/pt-latam/
webprestador.com.br;corp;b9;Rotulagem/evidencia_b9/webprestador.com.br.txt;sem_politica;0;;;;;;;;;;nao;0;nao;0;;;;;;;;;;0;nao;0;silencio;;;;;;;0;nao;
windx.com.br;corp;b9;Rotulagem/evidencia_b9/windx.com.br.txt;text;0;;;;;;;;;;nao;1;nao;0;;;;;;;;;;0;nao;0;silencio;;;;;;;0;nao;
worklabweb.com.br;corp;b9;Rotulagem/evidencia_b9/worklabweb.com.br.txt;NA;NA;;;;;;;;;;;NA;;NA;;;;;;;;;;0;;NA;;;;;;;;0;;O site é a página de login de um aplicativo
zoop.com.br;corp;b9;Rotulagem/evidencia_b9/zoop.com.br.txt;text;1;1;;;;;;;;;nao;1;nao;1;1;1;1;1;1;;1;;;6;nao;1;transferencia;;1;;;;;1;nao;
acesso.gov.br;gov;b9;Rotulagem/evidencia_b9/acesso.gov.br.txt;NA;NA;;;;;;;;;;;NA;;NA;;;;;;;;;;0;;NA;;;;;;;;0;;Subpágina /termo-de-uso é casca React (id=root, noscript) — conteúdo não renderizado na coleta
adapec.to.gov.br;gov;b9;Rotulagem/evidencia_b9/adapec.to.gov.br.txt;NA;NA;;;;;;;;;;;NA;;NA;;;;;;;;;;0;;NA;;;;;;;;0;;Nenhuma das subpáginas continha a política real
administracao.pr.gov.br;gov;b9;Rotulagem/evidencia_b9/administracao.pr.gov.br.txt;text;1;;1;;;1;1;;;1;nao;0;nao;0;;;;;;;;;;0;nao;0;silencio;;;;;;;0;nao;
agenciasp.sp.gov.br;gov;b9;Rotulagem/evidencia_b9/agenciasp.sp.gov.br.txt;sem_politica;0;;;;;;;;;;nao;0;nao;0;;;;;;;;;;0;nao;0;silencio;;;;;;;0;nao;A subpágina trazida não é de política de privacidade. O site não tem política
al.ce.gov.br;gov;b9;Rotulagem/evidencia_b9/al.ce.gov.br.txt;text;1;1;;;;;;;;1;nao;0;nao;0;;;;;;;;;;0;nao;0;silencio;;;;;;;0;nao;
alagoasdigital.al.gov.br;gov;b9;Rotulagem/evidencia_b9/alagoasdigital.al.gov.br.txt;sem_politica;0;;;;;;;;;;nao;0;nao;0;;;;;;;;;;0;nao;0;silencio;;;;;;;0;nao;
amazonas.am.gov.br;gov;b9;Rotulagem/evidencia_b9/amazonas.am.gov.br.txt;sem_politica;0;;;;;;;;;;nao;0;nao;0;;;;;;;;;;0;nao;0;silencio;;;;;;;0;nao;
campos.rj.gov.br;gov;b9;Rotulagem/evidencia_b9/campos.rj.gov.br.txt;sem_politica;0;;;;;;;;;;nao;0;nao;0;;;;;;;;;;0;nao;0;silencio;;;;;;;0;nao;
cbm.sc.gov.br;gov;b9;Rotulagem/evidencia_b9/cbm.sc.gov.br.txt;text;1;1;;;;;;;;1;nao;0;nao;1;1;1;1;1;;1;1;;;6;nao;0;silencio;;;;;;;0;nao;O fetcher não conseguiu chegar no pdf, que estava um nível mais profundo em https://cbm.sc.gov.br/images/PDF/Pol%C3%ADtica_de_Prote%C3%A7%C3%A3o_de_Dados_do_Corpo_de_Bombeiros_Militar_de_Santa_Catarina_Portaria_N%C2%BA_358_2020_CBMSC_1.pdf
cetesb.sp.gov.br;gov;b9;Rotulagem/evidencia_b9/cetesb.sp.gov.br.txt;text;1;;1;;;;;;;;nao;1;nao;1;1;;1;1;;1;1;1;1;7;nao;1;transferencia;;;;;;;0;nao;
cl.df.gov.br;gov;b9;Rotulagem/evidencia_b9/cl.df.gov.br.txt;NA;1;;;1;;;;;;;nao;NA;;NA;;;;;;;;;;0;;NA;;;;;;;;0;;A política estava em um link apontando para https://www.cl.df.gov.br/documents/35556945/35560704/ATO+DA+MESA+DIRETORA+n%C2%BA+085+de+2022+%2C+publicado+no+Di%C3%A1rio+da+C%C3%A2mara+Legislativa+%28DCL%29+n%C2%B0+134%2C+de+04+de+julho+de+2022..pdf/84d6a842-a3b2-fb04-d423-1edadf309d9a?version=1.1&t=[telefone suprimido]147, dentro da subpagina https://www.cl.df.gov.br/web/portal-transparencia/lgpd
conecta.pr.gov.br;gov;b9;Rotulagem/evidencia_b9/conecta.pr.gov.br.txt;sem_politica;0;;;;;;;;;;nao;0;nao;0;;;;;;;;;;0;nao;0;silencio;;;;;;;0;nao;
consumidor.gov.br;gov;b9;Rotulagem/evidencia_b9/consumidor.gov.br.txt;NA;NA;;;;;;;;;;;NA;;NA;;;;;;;;;;0;;NA;;;;;;;;0;;"A política estava dentro de <a href=""/pages/conteudo/publico/9"">Política de Uso de Dados Pessoais</a>"
cps.sp.gov.br;gov;b9;Rotulagem/evidencia_b9/cps.sp.gov.br.txt;text;1;0;;1;;;;;;;nao;1;nao;0;;;;;;;;;;0;nao;0;silencio;;;;;;;0;nao;A política em pdf é aberta dentro de um elemento ativo. O link final da política é https://bkpsitecpsnew.blob.core.windows.net/uploadsitecps/sites/1/2026/06/Aviso_Privacidade_ComplianceCPS_10_2025.pdf
denatran.gov.br;gov;b9;Rotulagem/evidencia_b9/denatran.gov.br.txt;text;1;;1;;;;;;;;nao;1;nao;1;1;1;1;1;;;;;1;5;nao;0;silencio;;;;;;;0;nao;
desenbahia.ba.gov.br;gov;b9;Rotulagem/evidencia_b9/desenbahia.ba.gov.br.txt;NA;NA;;;;;;;;;;;NA;;NA;;;;;;;;;;0;;NA;;;;;;;;0;;A política complea estava em pdf, dentro de link na subpágina transparencia/lgpd, que não coi coletada
doe.sp.gov.br;gov;b9;Rotulagem/evidencia_b9/doe.sp.gov.br.txt;NA;NA;;;;;;;;;;;NA;;NA;;;;;;;;;;0;;NA;;;;;;;;0;;Tinha o link privacidade, apontando para a política na PRODESP, mas não foi coletada
dom.sc.gov.br;gov;b9;Rotulagem/evidencia_b9/dom.sc.gov.br.txt;NA;1;;1;;;;;;;;nao;NA;;NA;;;;;;;;;;0;;NA;;;;;;;;0;;O fetcher não conseguiu chegar até o link para a resolução que intitui a política do CIGA, que estava em https://consorciociga.gov.br/tratamento-de-dados-pessoais/, que nunca foi acessado
duquedecaxias.rj.gov.br;gov;b9;Rotulagem/evidencia_b9/duquedecaxias.rj.gov.br.txt;sem_politica;1;;;1;;;;;;;nao;0;nao;0;;;;;;;;;;0;nao;0;silencio;;;;;;;0;nao;
e-docs.es.gov.br;gov;b9;Rotulagem/evidencia_b9/e-docs.es.gov.br.txt;sem_politica;0;;;;;;;;;;nao;0;nao;0;;;;;;;;;;0;nao;0;silencio;;;;;;;0;nao;
ead.pr.gov.br;gov;b9;Rotulagem/evidencia_b9/ead.pr.gov.br.txt;NA;NA;;;;;;;;;;;NA;;NA;;;;;;;;;;0;;NA;;;;;;;;0;;site sem conteúdo
facilita.al.gov.br;gov;b9;Rotulagem/evidencia_b9/facilita.al.gov.br.txt;sem_politica;0;;;;;;;;;;nao;0;nao;0;;;;;;;;;;0;nao;0;silencio;;;;;;;0;nao;
fundacaocasa.sp.gov.br;gov;b9;Rotulagem/evidencia_b9/fundacaocasa.sp.gov.br.txt;text;1;1;;;;;;;;;nao;0;sim;1;1;1;1;1;1;1;1;1;1;9;nao;0;silencio;;;;;;;0;nao;
guarulhos.sp.gov.br;gov;b9;Rotulagem/evidencia_b9/guarulhos.sp.gov.br.txt;NA;NA;;;;;;;;;;;NA;;NA;;;;;;;;;;0;;NA;;;;;;;;0;;Foi coletado muito material de políticas que não eram de privacidade. A De privacidade existe, mas não está na evidência
icmbio.gov.br;gov;b9;Rotulagem/evidencia_b9/icmbio.gov.br.txt;text;1;1;;;;;;;;1;nao;1;nao;0;;;;;;;;;;0;nao;0;silencio;;;;;;;0;nao;
iphan.gov.br;gov;b9;Rotulagem/evidencia_b9/iphan.gov.br.txt;NA;NA;;;;;;;;;;;NA;;NA;;;;;;;;;;0;;NA;;;;;;;;0;;Não conseguimos buscar como evidência a página https://www.gov.br/iphan/pt-br/acesso-a-informacao/participacao-social/ouvidoria/protecao-de-dados-pessoais
jucemg.mg.gov.br;gov;b9;Rotulagem/evidencia_b9/jucemg.mg.gov.br.txt;NA;NA;;;;;;;;;;;NA;;NA;;;;;;;;;;0;;NA;;;;;;;;0;;"Não conseguiu identificar o pdf para buscar dentro de <embed type=""application/x-google-chrome-pdf"" src=""chrome-extension://mhjfbmdgcfjbbpaeojofohoefgiehjai/dc475d1b-799e-4fcd-99e5-2c858ae672cd"" original-url=""https://jucemg.mg.gov.br/arquivos/Termo-de-Uso-e-Politica-de-Privacidade-Jucemg.pdf"" background-color=""[telefone suprimido]"" javascript=""allow"">"
jucesp.sp.gov.br;gov;b9;Rotulagem/evidencia_b9/jucesp.sp.gov.br.txt;NA;NA;;;;;;;;;;;NA;;NA;;;;;;;;;;0;;NA;;;;;;;;0;;Not Found HTTP Error 404. The requested resource is not found. A página precisava ser navegada com www.jucesp.sp.gov.br
jucesponline.sp.gov.br;gov;b9;Rotulagem/evidencia_b9/jucesponline.sp.gov.br.txt;sem_politica;0;;;;;;;;;;nao;0;nao;0;;;;;;;;;;0;nao;0;silencio;;;;;;;0;nao;
londrina.pr.gov.br;gov;b9;Rotulagem/evidencia_b9/londrina.pr.gov.br.txt;text;1;;;1;;;;;;;nao;1;nao;0;;;;;;;;;;0;nao;0;silencio;;;;;;;0;nao;
mapacultural.pe.gov.br;gov;b9;Rotulagem/evidencia_b9/mapacultural.pe.gov.br.txt;text;0;;;;;;;;;;nao;1;nao;1;1;1;1;1;;1;;;1;6;nao;0;silencio;;;;;;;0;nao;
maracanau.ce.gov.br;gov;b9;Rotulagem/evidencia_b9/maracanau.ce.gov.br.txt;text;1;1;;;;;;;;1;nao;1;nao;1;1;1;1;1;;;1;;;5;nao;0;silencio;;;;;;;0;nao;
meioambiente.mg.gov.br;gov;b9;Rotulagem/evidencia_b9/meioambiente.mg.gov.br.txt;text;0;;;;;;;;;;nao;0;nao;1;1;1;1;1;1;;1;;1;7;nao;0;silencio;;;;;;;0;nao;
mg.gov.br;gov;b9;Rotulagem/evidencia_b9/mg.gov.br.txt;text;1;;;1;;;;;;;nao;1;nao;1;1;1;1;;;;1;;;4;nao;0;silencio;;;;;;;0;nao;
paineldoaluno.ms.gov.br;gov;b9;Rotulagem/evidencia_b9/paineldoaluno.ms.gov.br.txt;NA;NA;;;;;;;;;;;NA;;NA;;;;;;;;;;0;;NA;;;;;;;;0;;O site é a página de login de um aplicativo
palmas.to.gov.br;gov;b9;Rotulagem/evidencia_b9/palmas.to.gov.br.txt;text;1;1;;;;;1;;;;nao;0;nao;0;;;;;;;;;;0;nao;0;silencio;;;;;;;0;nao;
paraiba.pb.gov.br;gov;b9;Rotulagem/evidencia_b9/paraiba.pb.gov.br.txt;sem_politica;0;;;;;;;;;;nao;0;nao;0;;;;;;;;;;0;nao;0;silencio;;;;;;;0;nao;
parana.pr.gov.br;gov;b9;Rotulagem/evidencia_b9/parana.pr.gov.br.txt;text;0;;;;;;;;;;nao;0;nao;0;;;;;;;;;;0;nao;0;silencio;;;;;;;0;nao;"O site tem apenas links para materiais educativos, que explicam para outros õrg""aos como implementar a LGPD"
peconsig.pe.gov.br;gov;b9;Rotulagem/evidencia_b9/peconsig.pe.gov.br.txt;NA;NA;;;;;;;;;;;NA;;NA;;;;;;;;;;0;;NA;;;;;;;;0;;O site é a página de login de um aplicativo
planalto.gov.br;gov;b9;Rotulagem/evidencia_b9/planalto.gov.br.txt;text;1;1;;;;;;;;1;nao;1;nao;1;1;1;1;1;;;;;1;5;nao;0;silencio;;;;;;;0;nao;
pm.pr.gov.br;gov;b9;Rotulagem/evidencia_b9/pm.pr.gov.br.txt;text;NA;;;;;;;;;;;NA;;NA;;;;;;;;;;0;;NA;;;;;;;;0;nao;"Coleta retornou 403 Forbidden: evidência tem 351 caracteres, sem conteúdo avaliável. O rótulo anterior (canal=1, 4 formas) foi feito a partir do site ao vivo, não do snapshot — a citação registrada era ""Resolução SEAP nº 12.099/2026"", texto ausente da evidência. Corrigido para NA conforme P3 (lacuna de coleta) e K5 (sem HTML avaliável)."
pma.es.gov.br;gov;b9;Rotulagem/evidencia_b9/pma.es.gov.br.txt;text;0;;;;;;;;;;nao;1;nao;0;;;;;;;;;;0;nao;0;silencio;;;;;;;0;nao;
pmpr.pr.gov.br;gov;b9;Rotulagem/evidencia_b9/pmpr.pr.gov.br.txt;text;1;;;;;1;1;;;1;nao;0;nao;0;;;;;;;;;;0;nao;0;silencio;;;;;;;0;nao;
portal.go.gov.br;gov;b9;Rotulagem/evidencia_b9/portal.go.gov.br.txt;NA;NA;;;;;;;;;;;NA;;NA;;;;;;;;;;0;;NA;;;;;;;;0;;O site é a página de login de um aplicativo
portaldoservidor.ma.gov.br;gov;b9;Rotulagem/evidencia_b9/portaldoservidor.ma.gov.br.txt;sem_politica;0;;;;;;;;;;nao;0;nao;0;;;;;;;;;;0;nao;0;silencio;;;;;;;0;nao;
portaldoservidor.mg.gov.br;gov;b9;Rotulagem/evidencia_b9/portaldoservidor.mg.gov.br.txt;text;1;1;;;;;;;;;nao;1;nao;1;;;1;1;;;;;;2;nao;0;silencio;;;;;;;0;nao;
proderj.rj.gov.br;gov;b9;Rotulagem/evidencia_b9/proderj.rj.gov.br.txt;NA;NA;;;;;;;;;;;NA;;NA;;;;;;;;;;0;;NA;;;;;;;;0;;Todo o portal, com todas as informações de LGPD da proderj estão dentro da subpágina /lgpd/, mas o fetcher não navegou os níveis extras de profundidade para coletar
saudecaruaru.pe.gov.br;gov;b9;Rotulagem/evidencia_b9/saudecaruaru.pe.gov.br.txt;sem_politica;0;;;;;;;;;;nao;0;nao;0;;;;;;;;;;0;nao;0;silencio;;;;;;;0;nao;
sei.ac.gov.br;gov;b9;Rotulagem/evidencia_b9/sei.ac.gov.br.txt;sem_politica;0;;;;;;;;;;nao;0;nao;0;;;;;;;;;;0;nao;0;silencio;;;;;;;0;nao;
sinj.df.gov.br;gov;b9;Rotulagem/evidencia_b9/sinj.df.gov.br.txt;sem_politica;0;;;;;;;;;;nao;0;nao;0;;;;;;;;;;0;nao;0;silencio;;;;;;;0;nao;
sinop.mt.gov.br;gov;b9;Rotulagem/evidencia_b9/sinop.mt.gov.br.txt;NA;1;1;;;;;;;;;nao;NA;;NA;;;;;;;;;;0;;NA;;;;;;;;0;;O fetcher provavelmente se satisfez com a coleta via requests, mas com navegação e clique, aparecia o restante da política
sipros.pa.gov.br;gov;b9;Rotulagem/evidencia_b9/sipros.pa.gov.br.txt;sem_politica;0;;;;;;;;;;nao;0;nao;0;;;;;;;;;;0;nao;0;silencio;;;;;;;0;nao;
sistemas.pa.gov.br;gov;b9;Rotulagem/evidencia_b9/sistemas.pa.gov.br.txt;NA;NA;;;;;;;;;;;NA;;NA;;;;;;;;;;0;;NA;;;;;;;;0;;O site é a página de login de um aplicativo
sjc.sp.gov.br;gov;b9;Rotulagem/evidencia_b9/sjc.sp.gov.br.txt;NA;NA;;;;;;;;;;;NA;;NA;;;;;;;;;;0;;NA;;;;;;;;0;;O fetcher não conseguiu chegar na política real. Acredito que tenha batido no limite de páginas coletadas. A política estava em https://sjc.sp.gov.br/servicos/governanca/portal-da-transparencia/lgpd-e-governo-digital/politica-de-privacidade-e-termo-de-uso/
tcu.gov.br;gov;b9;Rotulagem/evidencia_b9/tcu.gov.br.txt;text;1;1;;;;;1;;;;nao;1;nao;1;1;1;1;1;1;1;1;1;1;9;nao;0;silencio;;;;;;;0;nao;
