site_id;estrato;status;campo;ancorado;chars_citacao;chars_evidencia;citacao
aa.org.br;corp;text;canal_evid;SIM;198;33397;Para exercer esses direitos, entre em contato conosco pelo Fale conosco Se não estiver satisfeito com a nossa resposta, pode apresentar uma reclamação junto da 
aa.org.br;corp;text;finalidade_evid;SIM;1167;33397;3. Nosso uso de informações Podemos usar suas informações para fornecer e melhorar nosso site, aplicativos, pedidos e atividades e para personalizar sua experiê
aa.org.br;corp;text;direitos_evid;SIM;619;33397;você tem o direito de acessar suas informações pessoais mediante solicitação, corrigi-las conforme necessário, excluí-las quando não quiser mais usar nosso site
acontecendoaqui.com.br;corp;text;canal_evid;SIM;194;21664;Na eventualidade de precisar solicitar quaisquer ações sobre seus dados – alteração, inclusão, cancelamento, informações, entre outros – entre em contato atravé
acontecendoaqui.com.br;corp;text;direitos_evid;SIM;194;21664;Na eventualidade de precisar solicitar quaisquer ações sobre seus dados – alteração, inclusão, cancelamento, informações, entre outros – entre em contato atravé
agoradiario.com.br;corp;text;canal_evid;SIM;151;12466;9. Contato Se você tiver dúvidas sobre esta Política de Privacidade, entre em contato conosco: E-mail: suzanoagora.oficial@gmail.com Telefone: (11) 93944-6486
agoradiario.com.br;corp;text;finalidade_evid;SIM;269;12466;"2. Uso das Informações Utilizamos suas informações para: Personalizar a experiência do usuário; Melhorar o conteúdo e os serviços do site; Enviar notificações s"
agoradiario.com.br;corp;text;direitos_evid;SIM;170;12466;"7. Seus Direitos Os usuários têm o direito de: Acessar, corrigir ou excluir suas informações pessoais; Revogar o consentimento para o uso de dados pessoais a qu"
aime.com.br;corp;text;canal_evid;SIM;328;51157;Contato Se você tiver alguma dúvida sobre nossas práticas de privacidade ou esta Política de Privacidade, ou se quiser exercer algum dos direitos disponíveis pa
aime.com.br;corp;text;finalidade_evid;SIM;511;51157;Como usamos suas informações pessoais Fornecimento de produtos e serviços. Usamos suas informações pessoais para fornecer os Serviços a fim de cumprir nosso con
aime.com.br;corp;text;direitos_evid;SIM;674;51157;Direito de acesso/conhecimento: você pode ter o direito de solicitar acesso às informações pessoais que mantemos sobre você, incluindo informações relacionadas 
aime.com.br;corp;text;transf_evid;SIM;627;51157;Podemos transferir, armazenar e processar suas informações pessoais fora do país onde você mora. Suas informações pessoais também são processadas por membros da
anhangueraferramentas.com.br;corp;text;finalidade_evid;SIM;239;57246;Internamente, suas informações são usadas para processar compras, oferecer suporte ao cliente, melhorar serviços, personalizar a experiência de compra e comunic
anhangueraferramentas.com.br;corp;text;direitos_evid;SIM;779;57246;"Direitos do Titular e Proteção De Dados: Você tem o direito de: (i) confirmar se seus dados pessoais estão sendo tratados; (ii) acessar e obter informações sobr"
anpad.org.br;corp;text;canal_evid;SIM;270;16751;"Caso seja desejo de o titular obter a resposta a qualquer um desses direitos ou ACESSO 
a seus dados pessoais, pedimos que o requeira diretamente a nosso Encarr"
anpad.org.br;corp;text;finalidade_evid;SIM;124;16751;"Os dados pessoais financeiros são coletados com a finalidade de faturamento e para 
obrigações fiscais, única e exclusivamente."
anpad.org.br;corp;text;direitos_evid;SIM;361;16751;"A lei resguarda os seguintes direitos aos titulares dos dados pessoais junto ao 
controlador: 
• confirmação da existência de tratamento (utilização de dados); "
apisul.com.br;corp;text;canal_evid;SIM;369;97769;Encarregada de Proteção de Dados (DPO): Carolina Rosiak Lemes Encarregada de Proteção de Dados Substituta (DPO): Maria Eugênia Spenner de Oliveira Endereço para
apisul.com.br;corp;text;finalidade_evid;SIM;538;97769;4. Como utilizamos seus Dados Pessoais? O GRUPO APISUL trata seus dados de maneira transparente e íntegra, obedecendo a finalidades específicas, explícitas e le
apisul.com.br;corp;text;direitos_evid;SIM;889;97769;A lei brasileira lhe garante os seguintes direitos: Confirmação e Acesso: Permite que possa verificar se o GRUPO APISUL trata Dados Pessoais seus e, em caso pos
aquiacontece.com.br;corp;text;canal_evid;SIM;267;59251;Direito de revogar o seu consentimento, nos termos previstos pela Lei nº 13.709/2018, Lei Geral de Proteção de Dados.O acesso às solicitações infra citadas pode
aquiacontece.com.br;corp;text;finalidade_evid;SIM;629;59251;A Aqui Acontece utiliza de seus dados pessoais para uma série de diferentes propósitos, porém todos estes obedecendo ao princípio da finalidade de prestação do(
aquiacontece.com.br;corp;text;direitos_evid;SIM;1215;59251;"Seus direitos enquanto USUÁRIOS incluem: – Direito de confirmação da existência de tratamento de seus dados pessoais; – Direito de acesso aos seus dados pessoai"
aquiacontece.com.br;corp;text;transf_evid;SIM;379;59251;lataformas de automação de envio de notas fiscais. As plataformas referidas acima podem ter seus bancos de dados hospedados em servidores em países como Estados
armazemdc.com.br;corp;text;canal_evid;SIM;250;24044;8. CONTATO Caso tenha dúvidas ou queira exercer seus direitos relacionados à privacidade de dados, entre em contato conosco: E-mail: dpo@armazemcloud.com Telefo
armazemdc.com.br;corp;text;finalidade_evid;SIM;412;24044;"2. COMO UTILIZAMOS SUAS INFORMAÇÕES Os dados coletados são usados para: Prover e manter nossos serviços de armazenamento e segurança digital; Garantir a persona"
armazemdc.com.br;corp;text;direitos_evid;SIM;331;24044;"6. SEUS DIREITOS SOBRE OS DADOS Você possui controle sobre suas informações e pode: Solicitar acesso e revisão dos dados coletados; Corrigir informações incorre"
arquidiocesebh.org.br;corp;text;canal_evid;SIM;490;73527;O Encarregado pelo tratamento de dados pessoais (DPO) Caso persistam dúvidas sobre o tratamento dos dados pessoais realizado pela ARQUIDIOCESE DE BELO HORIZONTE
arquidiocesebh.org.br;corp;text;finalidade_evid;SIM;224;73527;"Os dados fornecidos podem ser utilizados para: Entrar em contato com a instituição; Receber e-mails da instituição; Receber comunicados da instituição (SMS, tel"
arquidiocesebh.org.br;corp;text;direitos_evid;SIM;394;73527;Direitos do usuário Os titulares possuem os seguintes direitos, conferidos pela Lei Geral de Proteção de Dados (LGPD) – Lei 13.709∕2018. – Confirmação da existê
assessoriavip.com.br;corp;text;canal_evid;SIM;147;31785;Assessoria VIP Nome do Encarregado: [JS1] Endereço de e-mail contato@casar.com Endereço postal: Servidão Carminati, nº 47, Florianópolis - SC, CEP 88045-515
assessoriavip.com.br;corp;text;finalidade_evid;SIM;305;31785;"Os dados pessoais fornecidos pelos Usuários serão utilizados pela Assessoria VIP 
 para as finalidades aqui indicadas: Permitir a prestação dos Serviços contrat"
assessoriavip.com.br;corp;text;direitos_evid;SIM;152;31785;"Direitos do Usuário O interessado poderá exercer os direitos de acesso, retificação, supressão, 
 limitação do uso, portabilidade dos dados ou oposição ao uso"
assist.org.br;corp;text;canal_evid;SIM;56;38891;Encarregado(a): Ana Luísa V. Fabiano • dpo_lgpd@assist.org.br
assist.org.br;corp;text;finalidade_evid;SIM;230;38891;"Cadastro de 
Associado 
Permitir ao servidor 
público colaborador se 
associar à ASSIST 
juntamente com seus 
dependentes como por 
exemplo: pais, cônjuge 
e/ou"
assist.org.br;corp;text;direitos_evid;SIM;639;38891;"V. DIREITOS DOS TITULARES DOS DADOS PESSOAIS 
A ASSIST permite aos titulares exercerem os seus direitos especificados no Art.18 da LGPD, sem 
custos, nos prazos"
atakarejo.com.br;corp;text;canal_evid;SIM;239;107286;Encarregado pelo Tratamento de Dados Pessoais: E-mail do encarregado de dados: encarregadodedados@atakarejo.com.br Encarregado de Dados: Sylvio Sobreira Vieira 
atakarejo.com.br;corp;text;finalidade_evid;SIM;848;107286;Os itens a seguir descrevem as finalidades para as quais o ATAKADÃO ATAKAREJO coleta seus Dados Pessoais, e os diferentes tipos de Dados Pessoais que coletamos 
atakarejo.com.br;corp;text;direitos_evid;SIM;742;107286;"Os direitos do titular previstos a LGPD são: Confirmação da existência de tratamento: você pode nos perguntar se tratamos dados pessoais de sua titularidade; Ac"
atakarejo.com.br;corp;text;transf_evid;SIM;157;107286;Transferência internacional de dados Seus dados pessoais não serão transferidos para outros países, excetuando-se as hipóteses previstas na legislação vigente,
atribuna.com.br;corp;text;canal_evid;SIM;189;110165;Para exercer os direitos previstos na LGPD e aqui elencados, os quais não são absolutos, você poderá entrar em contato com o Grupo Tribuna, através do e-mail lg
atribuna.com.br;corp;text;finalidade_evid;SIM;514;110165;O Grupo Tribuna utilizará os dados pessoais das seguintes maneiras: para fins internos e gerenciais, tais como auditoria, análise de dados e pesquisas para apri
atribuna.com.br;corp;text;direitos_evid;SIM;517;110165;Direitos dos usuários (Titulares de dados) Saiba que como usuário (Titular de dados), você possui os seguintes direitos: a confirmação da existência de Tratamen
atribuna.com.br;corp;text;transf_evid;SIM;419;110165;Armazenamento seguro de dados pessoais As informações pessoais coletadas pelo Grupo Tribuna serão armazenadas em nossos servidores de dados internos, em serviço
attackshark.net.br;corp;text;finalidade_evid;SIM;514;128652;Como Usamos Seus Dados Pessoais De modo geral, usamos dados pessoais para fornecer, melhorar e desenvolver nossos produtos e serviços, para nos comunicarmos com
attackshark.net.br;corp;text;direitos_evid;SIM;170;128652;Você tem o direito de acessar, corrigir ou excluir os dados pessoais que coletamos. Você também tem o direito de restringir ou se opor, a qualquer momento, ao p
azzaparfums.com.br;corp;text;canal_evid;SIM;261;36892;Caso pretenda exercer qualquer um dos direitos previstos nesta Política de Privacidade e/ou nas Leis de Proteção de Dados, ou resolver quaisquer dúvidas relacio
azzaparfums.com.br;corp;text;finalidade_evid;SIM;363;36892;"Exemplos de como usamos os dados incluem: Viabilizar que você adquira produtos e/ou serviços na Loja; Para confirmar ou corrigir as informações que temos sobre "
azzaparfums.com.br;corp;text;direitos_evid;SIM;405;36892;"Direitos do Usuário Você pode, a qualquer momento, requerer: (i) confirmação de que seus Dados Pessoais estão sendo tratados; (ii) acesso aos seus Dados Pessoai"
azzaparfums.com.br;corp;text;transf_evid;SIM;271;36892;Transferências internacionais de Dados Dados Pessoais e informações de outras naturezas coletadas por nós podem ser transferidos ou acessados por entidades pert
belenus.com.br;corp;text;finalidade_evid;SIM;445;16262;SO DAS INFORMAÇÕES COLETADAS: Processamento de Pedidos: Utilizamos suas informações para processar suas ordens, fornecer produtos e serviços, e para comunicação
belenus.com.br;corp;text;direitos_evid;SIM;783;16262;"direitos do titular dos dados o seguinte: I – confirmação da existência de tratamento; II – acesso aos dados; III – correção de dados incompletos, inexatos ou d"
bigcupom.com.br;corp;text;canal_evid;SIM;88;19698;Contato O Usuário pode entrar em contato com o DPO através do e-mail dpo@bigcupom.com.br.
bigcupom.com.br;corp;text;finalidade_evid;SIM;237;19698;Para poder acessar conteúdos e receber material o promocial, o Big Cupom precisará que o Usuário forneça seu Nome, Email e Telefone. O Big Cupom enviará e-mail 
bigcupom.com.br;corp;text;direitos_evid;SIM;496;19698;Direito de confirmação e acesso: é o direito do usuário de obter do site a confirmação de que os dados pessoais que lhe digam respeito são ou não objeto de trat
bimper.com.br;corp;text;canal_evid;SIM;194;25004;CONTATO DO USUÁRIOS Caso o Usuário pretenda acessar, remover, corrigir, atualizar ou apagar conteúdo coletado, deverá entrar em contato com o nosso canal de com
bimper.com.br;corp;text;finalidade_evid;SIM;265;25004;COMUNICAÇÃO DA BIMPER COM O USUÁRIO Os Usuários estão cientes de que ao interagirem com o Site, principalmente ao oferecerem seus dados pessoais a alguma das at
blips.com.br;corp;text;canal_evid;SIM;231;86294;Você pode entrar em contato conosco, inclusive para solicitar a exclusão de seus dados, ou falar diretamente com nosso DPO, ou tratar de demais assuntos: Endere
blips.com.br;corp;text;finalidade_evid;SIM;429;86294;2. Finalidade do Tratamento de Dados Pessoais Utilizamos seus dados pessoais para as seguintes finalidades: Prestação de serviços: Criar e gerenciar sua conta n
blips.com.br;corp;text;direitos_evid;SIM;901;86294;Você tem os seguintes direitos em relação aos seus dados pessoais, em conformidade com a LGPD: Confirmação: Confirmar quais dados pessoais  estão sendo armazena
bradesco.com.br;corp;text;canal_evid;SIM;399;83926;"Parte dos direitos acima expostos poderá ser exercida  
diretamente por você, Usuário, a partir da gestão de informações 
em nossos sites ou APPs, enquanto outr"
bradesco.com.br;corp;text;finalidade_evid;SIM;409;83926;"Para execução dos serviços, produtos e demais contratos ou 
diligências preliminares: 
• para prestação dos serviços das empresas da Organização, 
como os servi"
bradesco.com.br;corp;text;direitos_evid;SIM;498;83926;"Em cumprimento da regulamentação aplicável, no que diz respeito ao 
tratamento de dados pessoais, a Organização respeita e garante, ao Usuário, 
a possibilidade"
celos.com.br;corp;text;canal_evid;SIM;304;73199;"A CELOS indica como encarregado o Sr. Marcos Alberto Durieux da Cunha e disponibiliza e-mail 
direto de contato para o atendimento dos titulares e da Autoridade"
celos.com.br;corp;text;finalidade_evid;SIM;362;73199;"Concessão de Empréstimos aos participantes e assistidos: a CELOS operacionaliza o contrato 
de empréstimos com o seu público-alvo e dentro deste escopo, coleta "
celos.com.br;corp;text;direitos_evid;SIM;356;73199;"Confirmação da existência de tratamento: os titulares poderão requisitar a confirmação a 
respeito da existência de seus dados nos cadastros ou armazenamentos r"
celos.com.br;corp;text;transf_evid;SIM;303;73199;"A CELOS também compartilha dados pessoais com prestadores de serviços essenciais para suas 
atividades de entidade fechada de previdência complementar e operado"
cenprotnacional.org.br;corp;text;canal_evid;SIM;356;48820;"CANAL PARA CONTATO COM O ENCARREGADO E ALTERAÇÕES NA 
POLÍTICA 
 
19. 
Em caso de dúvidas sobre esta Política, entre em contato conosco através do Portal 
do 
T"
cenprotnacional.org.br;corp;text;finalidade_evid;SIM;518;48820;"O IEPTB pode coletar dados de fornecedores ou prestadores de 
serviços contratados e de seus sócios, tais como: nome, número de 
celular, CPF, CNPJ, endereço e "
cenprotnacional.org.br;corp;text;direitos_evid;SIM;187;48820;"Direito de confirmação ao tratamento e direito de acesso (Art. 18, I e II da LGPD) 
Você poderá confirmar se tratamos seus dados pessoais, assim como poderá sol"
cenprotnacional.org.br;corp;text;transf_evid;SIM;942;48820;"9. 
Mantemos os seus dados em nossas bases de dados localizadas no território 
nacional, incluindo, mas não se restringindo, a servidores de computação em nuvem"
cgdw.com.br;corp;text;canal_evid;SIM;344;30256;DIREITOS DOS TITULARES Você pode sempre solicitar a confirmação de tratamento dos seus dados, a correção ou remoção/eliminação de seus dados e informações pesso
cgdw.com.br;corp;text;finalidade_evid;SIM;305;30256;Nós utilizamos as informações coletadas para propósitos específicos que incluem o fornecimento de serviços, agilidade na comunicação e divulgação de eventos e p
cgdw.com.br;corp;text;direitos_evid;SIM;344;30256;DIREITOS DOS TITULARES Você pode sempre solicitar a confirmação de tratamento dos seus dados, a correção ou remoção/eliminação de seus dados e informações pesso
cgdw.com.br;corp;text;transf_evid;SIM;118;30256;hospedagem do site e ferramentas ocorre em data centers fora do Brasil, com fornecedores mundiais deste tipo de serviço.
coelhinhadobrasil.com.br;corp;text;finalidade_evid;SIM;138;6806;Finalidade Os dados são utilizados para: Segurança e prevenção de fraudes Conformidade legal (ECA Digital) Melhoria da experiência do usuário
comper.com.br;corp;text;canal_evid;SIM;550;98860;SOLICITAÇOES, REQUERIMENTOS E DÚVIDAS (ENCARREGADO DE PROTEÇÃO DE DADOS) Se você tem algum questionamento, dúvida, requerimento, critica, oposição ou necessidad
comper.com.br;corp;text;finalidade_evid;SIM;353;98860;"A finalidade é requerer sua solicitação ou inscrição; Participação em sorteios e doações Nome, endereço, cidade, CEP, CPF, telefone, e-mail; Consentimento do ti"
comper.com.br;corp;text;direitos_evid;SIM;732;98860;Dentre eles, o acesso facilitado às informações sobre o tratamento de seus dados. Para isso, você pode a qualquer momento solicitar informações sobre quais dado
comper.com.br;corp;text;transf_evid;SIM;545;98860;Porém, para a adequada prestação de nossos serviços, os dados pessoais coletados podem ser transferidos para outros países como EUA e União Europeia, como é com
condominiodedicado.com.br;corp;text;canal_evid;SIM;309;15736;11. Encarregado de Dados (DPO) O encarregado de dados - também chamado de DPO (Data Protection Officer) - é o responsável indicado para atuar como canal de comu
condominiodedicado.com.br;corp;text;finalidade_evid;SIM;466;15736;seguintes finalidades:  Gestão de Condomínios: Administração de informações dos moradores, visitantes e funcionários, incluindo comunicação e gestão de reserva
condominiodedicado.com.br;corp;text;direitos_evid;SIM;563;15736;Confirmação e Acesso: Direito de confirmar a existência de tratamento e acessar os dados pessoais.  Correção: Direito de solicitar a correção de dados incomple
confiance.com.br;corp;text;canal_evid;SIM;214;16458;olicite os seus direitos Por meio deste formulário, você pode exercer seus direitos como titular de dados pessoais, conforme o art. 18 da Lei Geral de Proteção 
confiance.com.br;corp;text;finalidade_evid;SIM;559;16458;Os dados que coletamos são necessários para, por exemplo, efetuar um adequado enquadramento dos padrões de referência dos exames que você realiza (dados como a 
confiance.com.br;corp;text;direitos_evid;SIM;335;16458;A portabilidade dos dados é um direito assegurado pela Lei Geral de Proteção de Dados, contudo, cumpre informar que a transferência dos seus dados para outro pr
correspondentedinamico.com.br;corp;text;finalidade_evid;SIM;606;16232;4.1.1. Fornecimento de serviços: utilizamos os dados pessoais do Usuário para prestar os serviços oferecidos pelo Correspondente Dinâmico, incluindo a criação e
costaricacolchoes.com.br;corp;text;finalidade_evid;SIM;245;74747;"Com que finalidade utilizamos seus dados pessoais? ► Para a realização de trocas; ► Para emissão da Nota Fiscal; ► Para atendimento e solução de dúvidas; ► Para"
cplug.com.br;corp;text;canal_evid;SIM;351;88919;A LWSA possui como Encarregado de Dados (DPO) o escritório LIMA ≡ FEIGELSON ADVOGADOS, sob o responsável JEAN MARC WEINBERG SASSON, advogado, regularmente inscr
cplug.com.br;corp;text;finalidade_evid;SIM;575;88919;"Fornecer, personalizar e aprimorar nossos Serviços; Realizar operações internas, incluindo suporte aos nossos clientes, solução de problemas, análise de
dados, "
cplug.com.br;corp;text;direitos_evid;SIM;486;88919;"Os Titulares de dados pessoais têm alguns direitos no que se refere aos seus dados pessoais e podem
exercê-los entrando em contato conosco por meio do e-mail: p"
cplug.com.br;corp;text;transf_evid;SIM;202;88919;8. Transferências de dados pessoais para fora do Brasil Nós poderemos transferir alguns de seus dados pessoais a prestadores de serviços localizados no exterior
cupomverde.com.br;corp;text;canal_evid;SIM;460;33468;ENCARREGADO DE DADOS Se você tiver alguma dúvida sobre esta política de privacidade, sobre os dados que mantemos sobre você ou se gostaria de exercer um de seus
cupomverde.com.br;corp;text;finalidade_evid;SIM;204;33468;5. FINALIDADES DE TRATAMENTO DE DADOS Dado: Nome Finalidade: Autenticação e identificação do usuário. Dado: CPF Finalidade: Para salvar corretamente os cupons f
cupomverde.com.br;corp;text;direitos_evid;SIM;672;33468;SEUS DIREITOS Gostaríamos de ter certeza de que você está totalmente ciente de todos os seus direitos relacionados à privacidade e proteção de dados pessoais, p
cupomverde.com.br;corp;text;transf_evid;SIM;266;33468;9. TRANSFERÊNCIA INTERNACIONAL DE DADOS A plataforma Cupom Verde, bem como seu website, ficam hospedados na infraestrutura de datacenter da Amazon Web Services 
curriculointerativo.com.br;corp;text;canal_evid;SIM;111;101364;OLICITE SEU DIREITO AQUI Disponibilizamos este formulário para facilitar o exercício dos direitos dos titulares
curriculointerativo.com.br;corp;text;direitos_evid;SIM;396;101364;Confirmação da existência de tratamento Permite saber sobre a existência de algum tipo de tratamento de seus dados pessoais realizado pelo Currículo Interativo.
cursosheliocouto.com.br;corp;text;canal_evid;SIM;357;53715;4. Como entrar em contato conosco Para esclarecer quaisquer dúvidas sobre esta Política de Privacidade ou sobre os dados pessoais que tratamos, entre em contato
cursosheliocouto.com.br;corp;text;finalidade_evid;SIM;122;53715;Os dados fornecidos por nossos usuários são coletados com as seguintes finalidades: Envio de novidades e cupons de desconto.
cursosheliocouto.com.br;corp;text;direitos_evid;SIM;803;53715;3. Direitos do usuário. O usuário do site possui os seguintes direitos, conferidos pela Lei de Proteção de Dados Pessoais, Capítulo III, Dos Direitos do Titular
datacaixa.com.br;corp;text;canal_evid;SIM;389;20212;9. Como entrar em contato conosco Para esclarecer quaisquer dúvidas sobre esta Política de Privacidade ou sobre os dados pessoais que tratamos, entre em contato
datacaixa.com.br;corp;text;finalidade_evid;SIM;218;20212;s dados fornecidos por nossos usuários são coletados com as seguintes finalidades: – para que o usuário possa adquirir nossos produtos e serviços. – para que a 
datacaixa.com.br;corp;text;direitos_evid;SIM;550;20212;5. Direitos do usuário O usuário do site possui os seguintes direitos, conferidos pela Lei de Proteção de Dados Pessoais: – confirmação da existência de tratame
delupo.com.br;corp;text;finalidade_evid;SIM;672;51071;oleta de dados: Conta de Acesso. Para a criação de uma Conta de Acesso no Site, o Usuário deve preencher um cadastro, que pode variar de complexidade de acordo 
delupo.com.br;corp;text;direitos_evid;SIM;521;51071;Direitos das pessoas sobre os dados coletados A Delupo permite que o Usuário faça diferentes tipos de cadastro, contendo mais ou menos informações de acordo com
desenhosecolorir.com.br;corp;text;finalidade_evid;SIM;107;23144;O Desenhos&Colorir utiliza cookies para armazenar preferências de navegação e melhorar o desempenho do site.
diplan.com.br;corp;text;canal_evid;SIM;101;11685;Contato do encarregado (DPO) Para solicitações relacionadas aos seus dados: E-mail: suporte@diplan.com.br
diplan.com.br;corp;text;finalidade_evid;SIM;263;11685;Os dados coletados serão utilizados para: Identificação, autenticação e autorização Atender solicitações e prestar suporte aos USUÁRIOS Manter atualizados cadas
diplan.com.br;corp;text;direitos_evid;SIM;215;11685;Direitos do usuário: Requerer acesso aos dados, incluindo exibição e retificação Solicitar eliminação/exclusão dos dados pessoais Revogar consentimento para fut
diplan.com.br;corp;text;transf_evid;SIM;141;11685;Transferências internacionais: alguns provedores podem estar situados fora do Brasil. Nesses casos, adotamos salvaguardas compatíveis com a LGPD
divinosilva.com.br;corp;text;finalidade_evid;SIM;249;34296;Uso da informação Essas informações são utilizadas para cobrança e para fornecer serviços e suporte aos nossos clientes. Nós poderemos também estudar essas info
dreamcasa.com.br;corp;text;canal_evid;SIM;269;14391;5. Exercício de Direitos e Contato do Encarregado (DPO) O titular poderá exercer seus direitos ou tirar dúvidas relacionadas à privacidade de dados por meio do 
dreamcasa.com.br;corp;text;finalidade_evid;SIM;380;14391;"Finalidades do Tratamento Os dados pessoais são tratados para as seguintes finalidades: Permitir o uso pleno da plataforma e a veiculação de anúncios; Identific"
dreamcasa.com.br;corp;text;direitos_evid;SIM;331;14391;". Direitos dos Titulares Nos termos da LGPD, o titular dos dados tem direito a: Confirmação da existência de tratamento; Acesso aos dados pessoais tratados; Cor"
econodata.com.br;corp;text;canal_evid;SIM;536;22924;5. Contato sobre Dados Pessoais Esta Política de Privacidade fornece uma visão geral de nossas práticas de privacidade e das escolhas que você pode fazer, bem c
econodata.com.br;corp;text;finalidade_evid;SIM;196;22924;Estas informações são usadas unicamente para podermos oferecer uma experiência de uso das ferramentas e de atendimento por e-mail, chat e telefone adequadas aos
econodata.com.br;corp;text;direitos_evid;SIM;446;22924;"Direitos dos titulares de dados pessoais A qualquer momento, o titular pode requerer: Confirmação de que seus Dados Pessoais estão sendo tratados; Acesso aos se"
encurtador.com.br;corp;text;finalidade_evid;SIM;251;12874;Usamos suas informações pessoais para fornecer e melhorar nossos serviços, incluindo personalização de conteúdo e análise de dados. Nossa equipe pode entrar em 
evas.com.br;corp;text;finalidade_evid;SIM;149;11591;ados pessoais de endereçamento, pagamento e conteúdo do pedido, não serão utilizados para outros fins que não o de processamento dos pedidos realizados
faap.br;corp;text;canal_evid;SIM;405;58303;encarregado (DPO) pela proteção de dados pessoais, cuja é o responsável pelas orientações e atendimentos relacionados ao tema. Para entrar em contato: Para quai
faap.br;corp;text;finalidade_evid;SIM;608;58303;PARA OS SEGUINTES PROPÓSITOS GERAIS: (I) INFORMAR A RESPEITO DE SUAS ATIVIDADES, INCLUINDO EVENTOS, PEÇAS TEATRAIS E OFERTA DE CURSOS, POR CORREIO ELETRÔNICO MA
faap.br;corp;text;direitos_evid;SIM;577;58303;DOS DIREITOS DO TITULAR DOS DADOS PESSOAIS A Lei garantiu ao Usuário determinados direitos em relação às informações pessoais que estão sob a tutela da FAAP, em
faap.br;corp;text;transf_evid;SIM;281;58303;No caso de parceria com Universidades de outros países poderá ocorrer a transferência internacional dos dados pessoais, ficando ciente o aluno, deste tratamento
feltrimcorrea.com.br;corp;text;finalidade_evid;SIM;260;28515;as seguintes finalidades: Responder às suas solicitações de contato e realizar análise preliminar de demandas jurídicas Entrar em contato por telefone, WhatsApp
feltrimcorrea.com.br;corp;text;direitos_evid;SIM;415;28515;10. Seus direitos como titular dos dados Em conformidade com a LGPD, você tem os seguintes direitos: Confirmação da existência de tratamento Acesso aos dados qu
fieltorcedor.com.br;corp;text;canal_evid;SIM;86;114462;"Encarregado pelo
 Tratamento de Dados, Walter Calza Neto, e–mail: dpo@sccorinthians.com.br"
fieltorcedor.com.br;corp;text;finalidade_evid;SIM;105;114462;A biometria facial pode ser utilizada para segurança em eventos, controle de acesso e prevenção de fraudes.
fieltorcedor.com.br;corp;text;direitos_evid;SIM;164;114462;Direitos do titular Você tem direito de: Confirmar se seus dados estão sendo usados Acessar seus dados Corrigir dados incompletos ou desatualizados Solicitar an
fieltorcedor.com.br;corp;text;transf_evid;SIM;98;114462;A transferência internacional de dados ocorre apenas para países com proteção adequada ou mediante
flashapp.com.br;corp;text;canal_evid;SIM;267;182277;"Caso você tenha alguma questão específica sobre proteção de dados que ainda não tenha sido esclarecida 
por nossa Política de Privacidade, recomendamos que pree"
flashapp.com.br;corp;text;finalidade_evid;SIM;522;182277;"Contratação: viabilizar a prestação de serviços e/ou fornecimento de nossos produtos. 
Processo seletivo, contratação e demissão (Flash People)11: gerenciar o s"
flashapp.com.br;corp;text;direitos_evid;SIM;387;182277;"Confirmação e Acesso aos Dados 
Você poderá solicitar à FLASH a confirmação sobre a 
existência de tratamento dos seus dados para que, em 
caso positivo, você p"
flashapp.com.br;corp;text;transf_evid;SIM;164;182277;"É possível que alguns dos nossos sistemas estejam hospedados em servidores localizados em outros 
países, caracterizando transferência internacional de dados pe"
flashnetbrasil.com.br;corp;text;canal_evid;SIM;127;25844;osso encarregado ou DPO (Data Protection Officer) é Lucas de Albuquerque Antunes de Souza e seu email é dpo@flashnetbrasil.com.br.
flashnetbrasil.com.br;corp;text;finalidade_evid;SIM;547;25844;ARA QUE UTILIZAMOS OS DADOS COLETADOS? 4.1. O principal objetivo do porquê coletamos seus dados pessoais é para cumprir um contrato com você e lhe oferecer a me
flashnetbrasil.com.br;corp;text;direitos_evid;SIM;739;25844;"8.1.1. Acesso aos dados pessoais: permite que você tenha acesso aos seus dados pessoais através dos nossos canais de atendimento; 8.1.2. Retificação dos seus da"
flashnetbrasil.com.br;corp;text;transf_evid;SIM;392;25844;5.2. Os dados coletados serão armazenados em servidores próprios da Flash Net Brasil localizados no Brasil, bem como em ambiente de uso de recursos ou servidore
futebolpaulista.com.br;corp;text;canal_evid;SIM;47;44170;Encarregado pela Proteção de Dados, o escritório
futebolpaulista.com.br;corp;text;finalidade_evid;SIM;200;44170;"Por exemplo, no canal de integridade da FPF poderão ser solicitados alguns dados de contato 
e identificação para que seja possível entrar em contato e responde"
futebolpaulista.com.br;corp;text;direitos_evid;SIM;362;44170;"nos seguintes direitos:  
 
a) 
Confirmação da existência de tratamento;  
b) 
O acesso aos dados;  
c) 
A correção de dados incompletos, inexatos ou desatualiz"
futebolpaulista.com.br;corp;text;transf_evid;SIM;267;44170;"Empresas ou entes internacionais: apenas em hipóteses mencionadas na Lei 
Geral de Proteção de Dados, a FPF realizará o compartilhamento internacional dos 
dado"
glam.com.br;corp;text;canal_evid;SIM;345;184703;"Nós temos um Portal de Privacidade e um encarregado (Data Protection Officer – DPO) que está à disposição nos seguintes endereços de contato: (i) Clicando AQUI;"
glam.com.br;corp;text;finalidade_evid;SIM;697;184703;Criação de acesso/Login: os Dados Pessoais que coletarmos quando você cria sua inscrição serão usados para sua identificação e autenticação de uso em nossos ser
glam.com.br;corp;text;direitos_evid;SIM;344;184703;Isso inclui: confirmação sobre a existência de tratamento, acesso aos seus dados pessoais, correção e atualização, solicitação de anonimização, bloqueio ou elim
glam.com.br;corp;text;transf_evid;SIM;725;184703;TRANSFERÊNCIA INTERNACIONAL DE SEUS DADOS PESSOAIS: Sim. Embora a B4A possua sua sede no Brasil, os nossos produtos, negócios, serviços e experiências sejam des
gobrax.com.br;corp;text;finalidade_evid;SIM;259;17573;Nós utilizamos as informações coletadas para propósitos específicos que incluem o fornecimento de serviços, agilidade na comunicação e divulgação de eventos e p
gobrax.com.br;corp;text;direitos_evid;SIM;180;17573;Você pode sempre solicitar a confirmação de tratamento dos seus dados, a correção ou remoção/eliminação de seus dados e informações pessoais, relatar eventual u
gobrax.com.br;corp;text;transf_evid;SIM;131;17573;Além disso, a hospedagem do site e ferramentas ocorre em data centers fora do Brasil, com fornecedores mundiais deste tipo de serviço.
gocache.com.br;corp;text;canal_evid;SIM;137;51166;você pode entrar em contato conosco pelos nossos canais de atendimento ou contatar o nosso encarregado (DPO) pelo e-mail dpo@gocache.com.br.
gocache.com.br;corp;text;finalidade_evid;SIM;446;51166;"A coleta de dados na GoCache é realizada com os seguintes objetivos: (i) autenticar o acesso de seus Usuários; (ii) buscar a segurança dos serviços oferecidos e"
gocache.com.br;corp;text;transf_evid;SIM;178;51166;Transferência internacional de dados Você concorda que a GoCache pode transferir para o exterior os dados e informações fornecidos por você para realizar a pres
goodyear.com.br;corp;text;canal_evid;SIM;107;107117;Para exercer os direitos acima, envie um e-mail para privacidade@goodyear.com ou privacy_office@goodyear.com .
goodyear.com.br;corp;text;finalidade_evid;SIM;530;107117;"rocessamos as IPI para: realizar vendas e atividades de aprovisionamento relativamente aos nossos produtos e serviços; comercializar os nossos produtos e serviç"
goodyear.com.br;corp;text;direitos_evid;SIM;628;107117;Seus Direitos Você tem o direito de confirmar a existência de tratamento de suas IPI e acesso às suas IPI tratadas pela Goodyear ao abrigo da presente Política.
goodyear.com.br;corp;text;transf_evid;SIM;138;107117;Transferências para fora do Brasil As IPI transferidas dentro ou para fora da Goodyear também podem ser tratadas em um país fora do Brasil.
goomer.com.br;corp;text;canal_evid;SIM;181;111090;O Usuário poderá solicitar, por meio do canal: meusdados@goomer.com.br , à Goomer que as informações referidas nestes T&C sejam excluídas, por meio da solicitaç
goomer.com.br;corp;text;direitos_evid;SIM;181;111090;O Usuário poderá solicitar, por meio do canal: meusdados@goomer.com.br , à Goomer que as informações referidas nestes T&C sejam excluídas, por meio da solicitaç
hachi8.com.br;corp;text;canal_evid;SIM;210;28501;Os usuários poderão exercer os direitos de acesso, cancelamento, retificação e oposição, bem como o direito de obterem informações contatando a Hachi8 pelo emai
hachi8.com.br;corp;text;direitos_evid;SIM;210;28501;Os usuários poderão exercer os direitos de acesso, cancelamento, retificação e oposição, bem como o direito de obterem informações contatando a Hachi8 pelo emai
hcpneus.com.br;corp;text;canal_evid;SIM;190;23287;O usuário pode alterar e/ou excluir de seus dados a qualquer momento acessando a área do cliente no menu “Meu Cadastro”, ou solicitar essas alterações enviando 
hcpneus.com.br;corp;text;direitos_evid;SIM;190;23287;O usuário pode alterar e/ou excluir de seus dados a qualquer momento acessando a área do cliente no menu “Meu Cadastro”, ou solicitar essas alterações enviando 
iclin.med.br;corp;text;finalidade_evid;SIM;215;6226;dados pessoais com os seguintes fins: - Elaborar prontuários, laudos de exames, relatórios, atestados e outros documentos médicos e de saúde que se fizerem nece
ideau.com.br;corp;text;finalidade_evid;SIM;124;21294;Tais dados, serão utilizados no envio de malas diretas, divulgando notícias, ou qualquer informação relacionada a nossa empresa.
info-bras.net.br;corp;text;finalidade_evid;SIM;173;12051;Comercial: personalização de conteúdo e subsídio à plataforma para melhoria da qualidade. Dados de cadastro: permitir o acesso do usuário a determinados conteúd
info-bras.net.br;corp;text;direitos_evid;SIM;146;12051;O usuário tem direito de retirar o seu consentimento a qualquer tempo, para tanto deve entrar em contato através de nossa Central de Relacionamento
iob.com.br;corp;text;canal_evid;SIM;185;24823;Caso queira alguma informação adicional ou tenha algum problema relacionado aos seus dados pessoais, você pode entrar em contato com o DPO da IOB através do e-m
iob.com.br;corp;text;direitos_evid;SIM;557;24823;Correção Você pode solicitar a correção de alguma informação sua e manter seus dados sempre atualizados. Direito de acesso Veja quais dos seus dados temos aqui 
irmaosdotados.com.br;corp;text;finalidade_evid;SIM;212;10625;3.1 O tratamento dos dados pessoais tem por finalidade viabilizar a execução do contrato firmado com o usuário, permitir o processamento de pagamentos e repasse
irmaosdotados.com.br;corp;text;direitos_evid;SIM;276;10625;7.1 O titular dos dados poderá, a qualquer tempo e mediante requisição, solicitar confirmação da existência de tratamento, acesso aos dados, correção de informa
kiaga.com.br;corp;text;finalidade_evid;SIM;217;38975;Essas informações são fundamentais para que seu pedido chegue em segurança até você, com elas sabemos onde entregar seus produtos, podemos te enviar informações
labmm.com.br;corp;text;canal_evid;SIM;215;27606;Solicite os seus direitos Por meio deste formulário, você pode exercer seus direitos como titular de dados pessoais, conforme o art. 18 da Lei Geral de Proteção
labmm.com.br;corp;text;finalidade_evid;SIM;263;27606;Os dados que coletamos são necessários para, por exemplo, efetuar um adequado enquadramento dos padrões de referência dos exames que você realiza (dados como a 
labmm.com.br;corp;text;direitos_evid;SIM;290;27606;A portabilidade dos dados é um direito assegurado pela Lei Geral de Proteção de Dados, contudo, cumpre informar que a transferência dos seus dados para outro pr
legisweb.com.br;corp;text;finalidade_evid;SIM;396;19291;Ao coletar os dados de navegação no nosso site podemos utilizá-los para: Análise de tráfego e audiência: Para entender o comportamento de navegação e melhorar a
legisweb.com.br;corp;text;direitos_evid;SIM;517;19291;Direitos do Usuário (LGPD) De acordo com a LGPD, o usuário tem o direito de solicitar à Legisweb, a qualquer momento: A confirmação da existência de tratamento 
losango.com.br;corp;text;canal_evid;SIM;226;38577;"Você poderá exercer os seus direitos com relação ao tratamento dos seus dados 
pessoais, a partir do autosserviço, por meio do Site Losango, no seguinte caminho"
losango.com.br;corp;text;finalidade_evid;SIM;164;38577;"Para que possamos efetivar seu cadastro na área logada, validar sua identidade e 
prevenir fraudes, bem como atender as solicitações via formulários em ambiente"
mailinbox.com.br;corp;text;canal_evid;SIM;262;8723;Em atendimento a todos preceitos legais estabelecidos pela LGPD, caso você tenha interesse em não mais fazer parte do nosso banco de dados, basta solicitar a ex
mailinbox.com.br;corp;text;finalidade_evid;SIM;181;8723;"(i) Fornecer Serviços a você: através de envio de mensagens, e-mails, ou campanhas de marketing; (ii) Nos comunicar com você: para falar de nossas novidades, pa"
mailinbox.com.br;corp;text;direitos_evid;SIM;71;8723;basta solicitar a exclusão ou edição de seu cadastro a qualquer momento
mapeia.com.br;corp;text;canal_evid;SIM;97;6961;O encarregado de dados da Rover pode ser contatado pelo seguinte e-mail: privacidade@mapeia.com.br
mapeia.com.br;corp;text;finalidade_evid;SIM;472;6961;Os dados são usados de forma agregada para monitorar o uso do site, por meio de estatísticas como: Páginas visitadas Duração das visitas Datas e horários de ace
mapeia.com.br;corp;text;direitos_evid;SIM;172;6961;"Para solicitar o acesso aos dados associados à sua utilização do site, ou solicitar a sua eliminação, envie
 um e-mail para o encarregado de dados em: privacida"
mestresmisticos.com.br;corp;text;finalidade_evid;SIM;106;28809;Esses dados serão utilizados para identificar, garantir a segurança ou contatar o usuário quando necessário.
mestresmisticos.com.br;corp;text;direitos_evid;SIM;402;28809;Acesso e Modificação dos dados pessoais O usuário pode modificar os seus dados diretamente no site Mestres Místicos ou entrando em contato com o SAC (seja por e
meumoveldemadeira.com.br;corp;text;canal_evid;SIM;366;48563;FALE CONOSCO Sempre que você tiver alguma dúvida sobre esta Política de Privacidade, mesmo após sua leitura, ou precisar interagir conosco sobre assuntos envolv
meumoveldemadeira.com.br;corp;text;finalidade_evid;SIM;179;48563;as informações coletadas serão utilizadas para melhorar a prestação de serviços oferecidos pela Meu Móvel de Madeira, a fim de tornar a sua experiência de naveg
meumoveldemadeira.com.br;corp;text;direitos_evid;SIM;584;48563;A transparência sobre o tratamento dos seus dados pessoais é prioridade para a Meu Móvel de Madeira. Além das informações disponibilizadas nesta Política de Pri
meumoveldemadeira.com.br;corp;text;transf_evid;SIM;392;48563;SOBRE TRANSFERÊNCIA INTERNACIONAL DE DADOS PESSOAIS Alguns de seus dados pessoais poderão ser transferidos para outros países, por exemplo, quando utilizarmos s
moto.com.br;corp;text;canal_evid;SIM;1683;37124;8.2. Caso seja necessário, você poderá entrar em contato conosco ao canal indicado ao final desta Política de Privacidade para o exercício dos direitos previsto
moto.com.br;corp;text;finalidade_evid;SIM;539;37124;5.1. Execução de Contrato: O MOTO.com.br poderá Trata Dados Pessoais com base na execução de contrato para fins de: (a) Contato com os Usuários que preencheram 
moto.com.br;corp;text;direitos_evid;SIM;765;37124;8. DIREITO DOS TITULARES: 8.1. Ao utilizar o Site e/ou Aplicativo e fornecer os seus Dados Pessoais ao MOTO.com.br, o MOTO.com.br assegurará os direitos previst
moto.com.br;corp;text;transf_evid;SIM;389;37124;7. TRANSFERÊNCIA INTERNACIONAL DE DADOS PESSOAIS: 7.1. O MOTO.com.br poderá transferir os seus Dados Pessoais para servidores localizados fora do Brasil, para f
mppr.mp.br;corp;text;finalidade_evid;SIM;184;50535;Cookies relacionados ao login Utilizamos cookies quando você está logado, para que possamos lembrar dessa ação. Isso evita que você precise fazer login sempre q
newgrouptelecom.com.br;corp;text;finalidade_evid;SIM;422;8506;Melhorias da plataforma: compreender como o usuário utiliza os serviços da plataforma, para ajudar no desenvolvimento de negócios e técnicas. Comercial: os dado
newgrouptelecom.com.br;corp;text;direitos_evid;SIM;325;8506;manifesta conhecer e pode exercitar seus direitos de cancelar seu cadastro, acessar e atualizar seus dados pessoais e garante a veracidade das informações por e
nipotech.com.br;corp;text;finalidade_evid;SIM;221;9672;Nós usaremos suas Informações para responder às suas perguntas, e de vez em quando, nós podemos recorrer as suas informações para entender melhor suas necessida
nuvemshop.com.br;corp;text;canal_evid;SIM;534;56562;Encarregado do tratamento dos Dados Pessoais 14.1 Se você tiver qualquer dúvida, comentário ou solicitação em relação ao tratamento de Dados Pessoais realizado 
nuvemshop.com.br;corp;text;finalidade_evid;SIM;265;56562;"Para cobrar e faturar os valores previstos nos serviços por você contratados; (ii) Para confirmar ou corrigir as informações que temos sobre você; (iii) Para en"
nuvemshop.com.br;corp;text;direitos_evid;SIM;333;56562;"Você pode, a qualquer momento, requerer à Nuvemshop: (i) confirmação de que seus Dados Pessoais estão sendo tratados; (ii) acesso aos seus Dados Pessoais; (iii)"
nuvemshop.com.br;corp;text;transf_evid;SIM;593;56562;6. Transferências internacionais de Dados 6.1 Dados Pessoais e informações de outras naturezas coletadas pela Nuvemshop podem ser transferidos ou acessados por 
odontoexcellence.com.br;corp;text;canal_evid;SIM;117;7783;5 Contato Para solicitações relacionadas à privacidade, entre em contato pelos canais disponíveis no site. Fale Conosco
odontoexcellence.com.br;corp;text;finalidade_evid;SIM;109;7783;Finalidades Usamos os dados para atendimento, agendamento, retorno de contato, melhoria da experiência, segurança
odontoexcellence.com.br;corp;text;direitos_evid;SIM;148;7783;eus direitos Você pode solicitar confirmação de tratamento, acesso, correção, exclusão, portabilidade e outras medidas previstas na legislação aplicável.
ofertasmaiscupons.com.br;corp;text;finalidade_evid;SIM;146;15441;"Exibir promoções, ofertas e cupons relevantes; Aprimorar a experiência e o funcionamento do site; Realizar análises estatísticas e métricas de acesso;"
ofertasmaiscupons.com.br;corp;text;direitos_evid;SIM;345;15441;Direitos do Usuário (LGPD e legislações aplicáveis) O usuário pode ter, conforme a legislação vigente, os seguintes direitos: Confirmar a existência de tratamen
ohanakameala.com.br;corp;text;canal_evid;SIM;123;49127;ocê pode entrar em contato com o nosso Encarregado pelo Tratamento dos Dados Pessoais pelo e-mail: ohanakameala.ok@gmail.com
ohanakameala.com.br;corp;text;finalidade_evid;SIM;187;49127;As informações coletadas pela OHANA KAMEALA têm como finalidade o estabelecimento de vínculo contratual ou a gestão, administração, prestação, ampliação e melho
ohanakameala.com.br;corp;text;direitos_evid;SIM;149;49127;"nos seguintes direitos: (i) confirmação da existência de tratamento; (ii) o acesso aos dados; (iii) a correção de dados incompletos, inexatos ou desatualizados;"
ole.net.br;corp;text;canal_evid;SIM;120;10516;envie mensagem para a Encarregada de Proteção de Dados Pessoais, Sra. Viviane Elisa Vasquez, no e-mail ouvidoria@ole.net.br
ole.net.br;corp;text;finalidade_evid;SIM;170;10516;Os dados coletados nesta página servem para a finalidade deste programa, sendo utilizados exclusivamente o nome e o e-mail dos participantes, permitindo o conta
opovo.com.br;corp;text;finalidade_evid;SIM;171;38837;A informações compartilhadas com O POVO têm como finalidade a gestão, administração, prestação, ampliação e melhoramento do site e dos serviços prestados por es
oprimorico.com.br;corp;sem_politica;canal_evid;NAO;34;10449;https://privacy.oprimorico.com.br/_f/
parisfilmes.com.br;corp;text;canal_evid;SIM;112;23294;você pode entrar em contato conosco, através dos seguintes contatos: privacidade@parisfilmes.com.br e (11) 3879-9799.
parisfilmes.com.br;corp;text;finalidade_evid;SIM;391;23294;Utilizamos anúncios para compensar os custos de funcionamento deste site e fornecer financiamento para futuros desenvolvimentos. Os cookies de publicidade compo
parisfilmes.com.br;corp;text;direitos_evid;SIM;193;23294;Exercício dos direitos Caso tenha dúvidas sobre esta Política de Privacidade, sobre os dados pessoais que tratamos e para exercer os direitos sobre seus dados, 
pcd.com.br;corp;text;canal_evid;SIM;108;221230;ncarregado de Dados Atilio Augusto Segantin Braga E-mail: privacidade@pcd.com.br Telefone: +55 (41) 9 9735 4482 5
pcd.com.br;corp;text;finalidade_evid;SIM;274;221230;"Permitir acesso e utilização de todas as funcionalidades
 do site e da PCD Online Plataforma; ● Enviar mensagens a respeito de suporte ou serviço, como
 alertas"
pcd.com.br;corp;text;direitos_evid;SIM;401;221230;"• Acesso: O titular dos dados tem direito a requerer o
 acesso aos dados pessoais tratados pela PCD Online e que lhe digam respeito. • Retificação: Caso sejam d"
pcd.com.br;corp;text;transf_evid;SIM;238;221230;"Proteção de seus dados pessoais durante transferências internacionais Para os fins determinados nesta Política de Privacidade, poderemos transferir seus dados
 "
pedidook.com.br;corp;text;canal_evid;SIM;99;19536;"ontate nosso
 Encarregado de Proteção de Dados (DPO) em dpo@pedidook.com.br ou contato@pedidook.com.br"
pedidook.com.br;corp;text;finalidade_evid;SIM;205;19536;Usamos seus dados apenas para: Permitir o acesso ao PedidoOK (autenticação). Oferecer suporte técnico, se solicitado (ex.: via WhatsApp, caso fornecido). Emitir
pedidook.com.br;corp;text;direitos_evid;SIM;201;19536;Como titular de dados, você pode: Confirmar se tratamos seus dados. Acessar, corrigir ou excluir seus dados. Solicitar portabilidade ou revogar o consentimento.
pedidook.com.br;corp;text;transf_evid;SIM;268;19536;"Com quem compartilhamos seus dados? Não vendemos nem compartilhamos seus dados para fins comerciais. Eles são compartilhados
 apenas
 com: Amazon Web Services ("
pedoimoveis.com.br;corp;text;canal_evid;SIM;115;13362;ocê também poderá entrar em contato a qualquer momento com nosso time de Privacidade. E-mail: lgpd@pedoimoveis.com.br
pedoimoveis.com.br;corp;text;finalidade_evid;SIM;139;13362;Usamos essas informações para responder à sua consulta, incluindo o fornecimento de informações solicitadas sobre nossos produtos e serviços.
pedoimoveis.com.br;corp;text;direitos_evid;SIM;355;13362;Seus direitos como titular de dados Por lei, você pode nos perguntar quais são as informações que temos sobre você, e você pode nos pedir para corrigi-las se el
plural.jor.br;corp;text;finalidade_evid;SIM;190;25182;Esta função é geralmente utilizada para geotargeting (mostrar publicidade de Lisboa apenas aos leitores oriundos de Lisboa por ex.) ou apresentar publicidade di
pravaler.com.br;corp;text;canal_evid;SIM;174;33188;, por favor, entre em contato com a nossa Encarregada, Monica Maia Ribeiro, por meio de envio de formulário de solicitação dos Titulares ou pelo e-mail privacid
pravaler.com.br;corp;text;finalidade_evid;SIM;512;33188;As finalidades para as quais tratamos seus dados são: a. Identificá-los adequadamente na plataforma do Pravaler: e assim possibilitar a navegação do Aluno ou Ga
pravaler.com.br;corp;text;direitos_evid;SIM;185;33188;Confirmação da existência de tratamento: garante ao Titular a confirmação de que estamos Tratando de seus Dados Pessoais. • Acesso aos Dados Pessoais: garante a
pravaler.com.br;corp;text;transf_evid;SIM;212;33188;"Pravaler conta com o auxílio de empresas como AWS (Amazon Web Services), Google, Azure e outras, hipóteses em que fazemos transferência internacional dos Dados;"
primeirainfanciaemdados.org.br;corp;text;canal_evid;SIM;199;19292;essoa Usuária pretenda exercer quaisquer dos direitos elencados acima, deverá entrar em contato com a pessoa Encarregada pelo Tratamento de Dados Pessoais da Fu
primeirainfanciaemdados.org.br;corp;text;finalidade_evid;SIM;224;19292;"Dados de identificação geral e canais de contato: para informações e promoção acerca de nossas atividades; inscrição em nossa newsletter; realização de download"
primeirainfanciaemdados.org.br;corp;text;direitos_evid;SIM;216;19292;"Usuária possui os seguintes direitos previstos na LGPD: Confirmar a existência de tratamento de seus dados pessoais; Acessar os dados tratados pela Fundação/NCP"
primeirainfanciaemdados.org.br;corp;text;transf_evid;SIM;336;19292;Transferência internacional de dados Os seus dados pessoais poderão ser objeto de transferência internacional em determinadas situações, como, por exemplo, para
realoficial.com.br;corp;text;canal_evid;SIM;187;27524;ontato Para exercer seus direitos ou esclarecer dúvidas: E-mail: antonio@realoficial.com.br Encarregado de Proteção de Dados (DPO): Antônio Guimarães Prazo de r
realoficial.com.br;corp;text;finalidade_evid;SIM;298;27524;Disponibilização de ofertas personalizadas Processamento de interações com ofertas Envio de notificações sobre promoções Aprimoramento do Serviço : Análise de p
realoficial.com.br;corp;text;direitos_evid;SIM;314;27524;seguintes direitos: Confirmação e Acesso : Saber se tratamos seus dados e acessá-los. Correção : Solicitar a correção de dados incorretos ou desatualizados. Ano
realoficial.com.br;corp;text;transf_evid;SIM;174;27524;Transferência Internacional Alguns dados podem ser transferidos para outros países, sempre observando os requisitos legais aplicáveis e adotando medidas de segu
redesurftank.com.br;corp;text;canal_evid;SIM;163;57554;Contato Para dúvidas ou solicitações relacionadas a esta Política de Privacidade: E-mail: contato@redesurftank.com.br Suporte: https://redesurftank.com.br/conta
redesurftank.com.br;corp;text;finalidade_evid;SIM;429;57554;Finalidade do Tratamento Dado Finalidade Base Legal (LGPD) Nome, e-mail Criação e gerenciamento de conta Execução de contrato (Art. 7, V) Data de nascimento Ver
redesurftank.com.br;corp;text;direitos_evid;SIM;200;57554;você tem direito a: Confirmação da existência de tratamento de dados Acesso aos seus dados pessoais Correção de dados incompletos, inexatos ou desatualizados An
redesurftank.com.br;corp;text;transf_evid;SIM;187;57554;Transferência Internacional Seus dados podem ser processados por servidores localizados fora do Brasil apenas através dos serviços de terceiros mencionados (ope
relogioonline.com.br;corp;text;finalidade_evid;SIM;154;13104;"1. Electronic newsletters (Dispatches) We will offer a free electronic newsletter to users. CSG 
 gathers the email addresses of users who voluntarily subscribe"
rifapersonalizada.com.br;corp;text;finalidade_evid;SIM;319;33918;Os Dados Pessoais coletados são utilizados para as seguintes principais finalidades: Fornecer os serviços da Rifa Personalizada e/ou demais benefícios oferecido
riomarrecife.com.br;corp;text;canal_evid;SIM;242;77190;Encarregado de Dados (DPO)? Caso precise falar com o nosso Encarregado de Dados (DPO) Carlos Falcão, Você poderá em contato por meio do site LGPD | RioMar Recif
riomarrecife.com.br;corp;text;finalidade_evid;SIM;363;77190;"alguns Dados coletados por meio desse canal também poderão ser utilizados para as seguintes finalidades: (i)    Controle de acesso e segurança; (ii)    otimizar"
riomarrecife.com.br;corp;text;direitos_evid;SIM;233;77190;solicitar mais informações sobre o tratamento de Dados realizados na Plataforma, pedir uma cópia dos Dados Pessoais que foram coletados em razão da utilização d
riomarrecife.com.br;corp;text;transf_evid;SIM;302;77190;Para armazenamento dos Dados : os Dados serão catalogados em um banco de Dados que será armazenado em servidores de empresas especializadas em hospedagem, local
rosaazulkids.com.br;corp;text;canal_evid;SIM;132;57072;o usuário pode… exercer os direitos previstos na Lei… [pela] Central de Atendimento no contato@rosaazulkids.com.br e fazer a solicitação
rosaazulkids.com.br;corp;text;finalidade_evid;SIM;248;57072;Usamos as informações coletadas sobre você para uma variedade de propósitos de negócios, incluindo, por exemplo, entregar recompensas, responder às suas pergunt
rosaazulkids.com.br;corp;text;direitos_evid;SIM;344;57072;"você pode nos solicitar: a confirmação da existência do tratamento de seus dados; acesso aos dados que possuímos sobre você; correção de dados incompletos, inex"
rosaazulkids.com.br;corp;text;transf_evid;SIM;209;57072;Alguns de seus dados pessoais poderão ser transferidos para outros países, por exemplo, quando utilizarmos serviços computacionais em nuvem para processamento o
sabin.com.br;corp;text;canal_evid;SIM;217;44380;Encarregado de Dados: Edgard Gonçalves Moreira Encarregado de Dados Suplente: Welisom Ferreira Encarregado de Proteção de Dados: encarregado@sabin.com.br Equipe
sabin.com.br;corp;text;finalidade_evid;SIM;529;44380;Principais finalidades de tratamento dos seus dados: Prestação de serviços: Utilizamos seus dados para fornecer serviços de realização de exames de medicina dia
sabin.com.br;corp;text;direitos_evid;SIM;357;44380;Direitos dos titulares de dados – Art.18 da LGPD De acordo com o artigo 18 da LGPD, você possui os seguintes direitos em relação aos seus dados pessoais: Confir
sabin.com.br;corp;text;transf_evid;SIM;336;44380;É importante mencionar que, em determinadas circunstâncias, podemos realizar compartilhamentos internacionais de dados com fornecedores de serviços em nuvem par
segurospromo.com.br;corp;text;canal_evid;SIM;150;94278;O site disponibiliza, desde já, o e-mail dpo@amopromo.com para contato dos usuários com o encarregado, para atendimento de qualquer dúvida ou solicitação.
segurospromo.com.br;corp;text;finalidade_evid;SIM;320;94278;"Responder a eventuais dúvidas e solicitações do usuário; Efetuar a entrega de qualquer produto adquirido através do site, assim como a identificação do respecti"
segurospromo.com.br;corp;text;direitos_evid;SIM;366;94278;Direitos dos Usuários: 9.1. O usuário poderá, a qualquer momento, exercer seu direito, nos limites legais, assim definidos: i. Confirmação da existência de trat
sescmatogrosso.com.br;corp;text;canal_evid;SIM;246;18961;Nós temos um Portal de Privacidade e um Encarregado (Data Protection Officer – DPO) que está à disposição. DPO (Encarregado): Juliano da Silva Duarte Você pode 
sescmatogrosso.com.br;corp;text;finalidade_evid;SIM;232;18961;Para viabilizar a entrega dos serviços, o site ou outros meios operados, como por exemplo, o “Cartão Virtual”, podem solicitar a você alguns dados cadastrais, p
sescmatogrosso.com.br;corp;text;direitos_evid;SIM;148;18961;O Sesc/MT garante aos usuários a correção de dados pessoais incompletos, inexatos ou desatualizados, bem como a eliminação de dados pessoais possíveis,
seucreditodigital.com.br;corp;text;finalidade_evid;SIM;70;15682;Esses dados são usados para análises internas e melhorias de navegação.
shopemme.com.br;corp;text;canal_evid;SIM;227;13470;QUAIS OS SEUS DIREITOS SOBRE SEUS DADOS Você pode solicitar quaisquer informações pelo e-mail atendimento@shopemme.com.br, bem como acesso aos seus dados, inclu
shopemme.com.br;corp;text;direitos_evid;SIM;227;13470;QUAIS OS SEUS DIREITOS SOBRE SEUS DADOS Você pode solicitar quaisquer informações pelo e-mail atendimento@shopemme.com.br, bem como acesso aos seus dados, inclu
singularmedicamentos.com.br;corp;text;canal_evid;SIM;182;48425;Estes direitos poderão ser exercidos por intermédio do envio de requisição para o Encarregado de Proteção de Dados da SINGULAR , no endereço de e-mail: thais@si
singularmedicamentos.com.br;corp;text;finalidade_evid;SIM;350;48425;"Criar a conta e cadastros necessários para permitir a interação dos Usuários com o site/plataforma da SINGULAR ; 3.2.2. Verificar a identidade do Usuário e prev"
singularmedicamentos.com.br;corp;text;direitos_evid;SIM;411;48425;"nos seguintes direitos: 5.1. Confirmação da existência de tratamento por parte da SINGULAR ; 5.2. Correção de dados incompletos, inexatos ou desatualizados; 5.3"
soldiersnutrition.com.br;corp;text;finalidade_evid;SIM;167;57419;A Soldier Nutrition garante que utiliza os seus dados pessoais de endereçamento, pagamento e conteúdo do pedido, apenas para fins de processamento dos pedidos r
soldiersnutrition.com.br;corp;text;direitos_evid;SIM;431;57419;Você tem direito de solicitar à Soldiers Nutrition informações referentes ao tratamento de seus dados pessoais, por meio dos pedidos abaixo: I. Confirmação da e
sorasa.com.br;corp;text;finalidade_evid;SIM;285;12710;Lembramos que o endereço de e-mail informado no momento do cadastro será utilizado para envio de comunicados durante todo processo de compra, como, por exemplo,
sporti.com.br;corp;text;canal_evid;SIM;54;35999;Encarregado de Proteção de Dados (DPO): dpo@sporti.com.br
sporti.com.br;corp;text;finalidade_evid;SIM;383;35999;"3.3. Finalidade do tratamento dos dados pessoais 
Os dados pessoais são tratados para fornecer nossos produtos e serviços, realizar 
parcerias, projetos e event"
sporti.com.br;corp;text;direitos_evid;SIM;295;35999;"O titular de dados pessoais possui os seguintes direitos garantidos pela LGPD: 

 
•​
Confirmação e acesso: confirmar a existência de tratamento e acessar, de f"
stamp.com.br;corp;text;finalidade_evid;SIM;348;35488;"Como seus dados serão utilizados pela Stamp.com.br? ""Nome completo"", ""Pessoa Física ou Jurídica"" Estes dados são essenciais para que o comprador seja identifica"
telecine.com.br;corp;text;canal_evid;SIM;361;122577;Se você tiver qualquer dúvida ou questionamento sobre nosso Aviso de Privacidade ou sobre o tratamento dos seus Dados pela Globo , entre em contato conosco pelo
telecine.com.br;corp;text;finalidade_evid;SIM;239;122577;"Viabilizar a compra e entrega dos nossos produtos e conteúdos; Entregar conteúdo impresso e/ou digital; Processar o pagamento, no caso de você contratar um Serv"
telecine.com.br;corp;text;direitos_evid;SIM;409;122577;"Solicitar o acesso a seus Dados e/ou a confirmação da existência de tratamento de Dados; • Solicitar que retifiquemos quaisquer Dados imprecisos, incompletos e "
telecine.com.br;corp;text;transf_evid;SIM;191;122577;(iv) apoio ao desenvolvimento técnico dos Serviços. Nestas circunstâncias, seus Dados serão armazenados e tratados em plataformas de terceiros, que podem estar 
tigre.com.br;corp;text;canal_evid;SIM;431;57692;"guintes caminhos: Encarregado de Dados / Data Protection Officer: dpo@tigre.com; Link de contato: https://contatoseguro.com.br/pt/tigre/relato_introducao?type=p"
tigre.com.br;corp;text;direitos_evid;SIM;609;57692;No caso, os direitos aplicados aos titulares são: Direito Base Legal Confirmação do tratamento Toda base legal Acesso Toda base legal Recebimento de Cópia Integ
tigre.com.br;corp;text;transf_evid;SIM;457;57692;Devido ao Grupo Tigre possuir unidades em diversos países e continentes, no curso de nossas atividades corporativas, poderemos enviar seus dados pessoais para p
tjsp.jus.br;corp;text;canal_evid;SIM;104;71770;O Encarregado pelo Tratamento de Dados Pessoais está disponível pelo e-mail encarregado_lgpd@tjsp.jus.br .
tjsp.jus.br;corp;text;finalidade_evid;SIM;582;71770;"Os dados pessoais coletados se destinam às finalidades de estabelecer 
conexão técnica entre o computador do visitante e o computador dos sítios eletrônicos 
do"
touti.com.br;corp;text;finalidade_evid;SIM;150;11467;A Touti Cosmetics também pode utilizar os dados captados pelo site para enviar informações sobre os pedidos, avisos importantes, promoções e propagandas,
tradersbrasil.com.br;corp;text;finalidade_evid;SIM;356;27210;Os dados pessoais identificáveis tratados pelo TRADERS BRASIL tem como finalidade: Temos o objetivo, a realização de uma análise do perfil do Usuário, o TRADERS
tradersbrasil.com.br;corp;text;direitos_evid;SIM;423;27210;"o anonimato, bloqueio ou remoção de dados não necessários, exagerados ou em não conformidade com a LGPD (Lei Geral de Proteção de Dados); a extinção dos dados p"
tupan.com.br;corp;text;canal_evid;SIM;239;44522;"Se restar alguma dúvida sobre a nossa Política de Privacidade, entre em contato com a nossa DPO (Data
 Protection Officer), para exercer quaisquer direitos rela"
tupan.com.br;corp;text;finalidade_evid;SIM;923;44522;"BJETIVO DADOS PESSOAIS (PESSOA FÍSICA) JUSTIFICATIVAS Apresentação do estoque
 disponível da Loja onde o visitante reside. Geolocalização Legitimo interesse em "
tupan.com.br;corp;text;direitos_evid;SIM;384;44522;"Em cumprimento com a Lei Geral de Proteção de Dados,
a TUPAN garante aos seus clientes os seguintes direitos, nos termos do art. 18
da LGPD: 1. Confirmação da
e"
tupan.com.br;corp;text;transf_evid;SIM;134;44522;"Transferimos os dados para o ambiente da AWS
(AMAZON WEB SERVICE) – Suboperador. Usamos a ferramenta como serviço de
armazenamento em nuvem."
ufcat.edu.br;corp;text;canal_evid;SIM;245;16567;Encarregado pelo Tratamento de Dados Pessoais Nome: Abner Antônio Ferreira Função: Encarregado pelo Tratamento de Dados Pessoais da UFCAT Ato de designação: Por
ufcat.edu.br;corp;text;finalidade_evid;SIM;354;16567;A UFCAT trata dados pessoais no contexto de suas atribuições legais e institucionais, em conformidade com a legislação aplicável, especialmente para execução de
ufcat.edu.br;corp;text;direitos_evid;SIM;292;16567;"olicitar: confirmação da existência de tratamento; acesso aos dados; correção de dados incompletos, inexatos ou desatualizados; anonimização, bloqueio ou elimin"
uninga.br;corp;text;canal_evid;SIM;205;36124;"10.2 Mencionados direitos serão exercidos mediante requerimento expresso do titular ou de seu 
representante 
legalmente 
constituído, 
a 
UNINGÁ 
por 
meio 
do"
uninga.br;corp;text;finalidade_evid;SIM;455;36124;"finalidades lícitas e específicas, descritas abaixo:  
a) Identificar o titular para acesso aos ambientes da UNINGÁ ou para responder as solicitações 
efetuadas"
uninga.br;corp;text;direitos_evid;SIM;379;36124;"10. Exercício de Direitos pelos Titulares de Dados 
10.1 Aos titulares de dados foram concedidos pela Lei Geral de Proteção de Dados Pessoais, 
determinados dir"
uninga.br;corp;text;transf_evid;SIM;293;36124;"13. Transferência internacional: Em decorrência da natureza das atividades acadêmicas 
desenvolvidas pela UNINGÁ, poderá ocorrer transferência internacional de "
uniunica.edu.br;corp;text;canal_evid;SIM;366;127508;3.2. O Encarregado do GRUPO PROMINAS, será o responsável pelo Departamento de Ouvidoria, que estará disponível para receber e atender as requisições dos titular
uniunica.edu.br;corp;text;finalidade_evid;SIM;682;127508;"1.1.3.2. Os seguintes dados pessoais serão tratados: Dado Tipo de dado Finalidade do uso Base Legal Dados Simples Nome completo; Data nascimento; CPF; Foto; End"
uniunica.edu.br;corp;text;direitos_evid;SIM;264;127508;3.1. O Titular tem direito a obter em relação aos seus dados pessoais tratados, a qualquer momento e mediante requisição gratuita: (a) confirmação da existência
uniunica.edu.br;corp;text;transf_evid;SIM;698;127508;.4. O Titular se declara ciente de que a Plataforma e/ou os ambientes virtuais do GRUPO PROMINAS na internet poderão ser acessados em qualquer país e, por esta 
universoarquivos.com.br;corp;text;finalidade_evid;SIM;244;17389;eralmente, usamos a Informação da Encomenda recolhida para cumprir qualquer encomenda realizada através do Site (incluindo o processamento da sua informação de 
universoarquivos.com.br;corp;text;transf_evid;SIM;123;17389;Tenha em atenção que a sua informação será transferida para fora da Europa, incluindo para o Canadá e para os Estados Unidos
useange.com.br;corp;text;finalidade_evid;SIM;189;50472;As informações pessoais fornecidas pelos clientes são utilizadas com o propósito básico de identificar o público usuário, seu perfil e hábitos de compra, para g
useange.com.br;corp;text;direitos_evid;SIM;184;50472;O SITE SE COMPROMETE A: - Corrigir prontamente quaisquer alterações relativas aos Dados Pessoais do Usuário. Para tanto, o Usuário deverá informar ao site toda 
usjt.br;corp;text;canal_evid;SIM;197;132273;"Caso tenha qualquer dúvida, sugestão ou solicitação que envolva este documento, entre
em contato com a nossa DPO (Data Protection Officer) através do endereço d"
usjt.br;corp;text;finalidade_evid;SIM;289;132273;"A ÂNIMA HOLDING S/A e suas subsidiárias utilizam todas as informações coletadas para os
seguintes propósitos:
executar o contrato e atender ao fim para o qual v"
usjt.br;corp;text;direitos_evid;SIM;166;132273;"Você, enquanto titular de dados, tem os seguintes direitos, relativos aos seus Dados
Pessoais:
a) Confirmação da existência de tratamento dos seus dados;
b) Ace"
usjt.br;corp;text;transf_evid;SIM;465;132273;"É possível que, eventualmente, o Terceiro se encontre fora do Brasil. Nestes casos, nos
certificaremos de que essa transferência seja feita de preferência para "
verdecard.com.br;corp;text;canal_evid;SIM;244;11552;CONTATO Se os usuários tiverem dúvidas ou preocupações sobre esta Política de Privacidade de Dados ou sobre as práticas de privacidade do Quero-Quero PAG, eles 
verdecard.com.br;corp;text;finalidade_evid;SIM;240;11552;O aplicativo utiliza as informações pessoais dos usuários para fornecer serviços bancários, incluindo processamento de transações, gerenciamento de contas, oper
verdecard.com.br;corp;text;direitos_evid;SIM;167;11552;Os usuários têm direito a acessar, retificar, excluir e portar suas informações pessoais. Os usuários também têm o direito de revogar o consentimento para o pro
verdecard.com.br;corp;text;transf_evid;SIM;123;11552;O Quero-Quero PAG armazena informações pessoais dos usuários em servidores seguros localizados no Brasil e em outros países.
verzani.com.br;corp;text;canal_evid;SIM;246;21504;Agente de tratamento E-mail: comitelgpd@verzani.com.br Controladora Verzani & Sandrini Se você tiver qualquer dúvida sobre este aviso de privacidade ou desejar 
verzani.com.br;corp;text;finalidade_evid;SIM;645;21504;Tipo de titular Finalidades Dados coletados Base legal Clientes e clientes em potencial Execução de contrato de prestação de serviços e comunicação. Nome comple
verzani.com.br;corp;text;direitos_evid;SIM;541;21504;". Direito de confirmação de tratamento – você tem o direito de saber se a nossa empresa realiza o tratamento de seus dados pessoais; Ii. Direito de acesso – voc"
verzani.com.br;corp;text;transf_evid;SIM;306;21504;Transferência internacional de dados Podemos transferir seus dados para outros países caso isso seja necessário para a execução de nossas atividades. No entanto
vibraresidencial.com.br;corp;text;canal_evid;SIM;81;49687;Para isso, basta contatar nosso Encarregado (DPO) pelo e-mail dpo@nortisvibra.com.br.
vibraresidencial.com.br;corp;text;finalidade_evid;SIM;248;49687;Por exemplo, podemos usar seus dados de identificação e qualificação para permitir a devida execução dos Serviços oferecidos no Site, como acesso à área exclusi
vinilrecords.com.br;corp;text;finalidade_evid;SIM;116;30408;Se você criar uma conta conosco, usaremos cookies para o gerenciamento do processo de inscrição e administração geral.
vivara.com.br;corp;text;canal_evid;SIM;171;72774;você poderá entrar em contato com o nosso Encarregado, escritório OPICE BLUM, BRUNO ADVOGADOS, representado por Henrique Fabretti Moraes, pelo e-mail privacidad
vivara.com.br;corp;text;finalidade_evid;SIM;469;72774;"ssa situação:- Melhorar continuamente produtos e serviços da Vivara; - Melhorar continuamente a efetividade do nosso atendimento ao consumidor. Realização de pr"
vivara.com.br;corp;text;direitos_evid;SIM;340;72774;Você tem direito de confirmar a existência, acessar, revisar, modificar e/ou requisitar uma cópia eletrônica da informação dos seus Dados Pessoais que são trata
windx.com.br;corp;text;finalidade_evid;SIM;255;55088;"WINDX TELECOMUNICAÇÕES pode se valer do endereço IP ou de configurações anônimas do
 computador do cliente, como informações sobre o modelo do browser utilizado"
zoop.com.br;corp;text;canal_evid;SIM;218;35474;A comunicação entre a ZOOP e o usuário deverá ser realizada através do endereço de e-mail privacidade@zoop.com.br. Sempre que possível, tentamos resolver potenc
zoop.com.br;corp;text;finalidade_evid;SIM;240;35474;Para oferecer uma experiência personalizada O iFood Pago usa cookies e outras tecnologias para memorizar informações pessoais quando você usa o nosso site, apli
zoop.com.br;corp;text;direitos_evid;SIM;284;35474;s direitos de titular que você pode nos solicitar: Confirmar se o tratamento existe. Solicitar acesso aos dados tratados. Corrigir dados incompletos, inexatos o
zoop.com.br;corp;text;transf_evid;SIM;561;35474;Para realizar algumas das atividades envolvidas nos Serviços prestados a você, o iFood Pago poderá fazer transferências internacionais de dados para outros país
administracao.pr.gov.br;gov;text;canal_evid;SIM;629;106251;Na SEAP, o papel de Encarregado pelo Tratamento de Dados Pessoais é exercido, conforme a Resolução SEAP nº 12.099/2026, pelos seguintes servidores: Titular: Mar
al.ce.gov.br;gov;text;canal_evid;SIM;586;43024;EQUIPE: Encarregado Renato Torres de Abreu Neto Subencarregados Cecília Cláudia Bezerra Correia Nogueira Eduardo Gomes de Holanda Filho Josefa Hilda Siqueira Mo
cbm.sc.gov.br;gov;text;canal_evid;SIM;438;28201;Tenente-Coronel BM Renan Silvério da Rosa Fernandes Atribuições: encarregado pelo tratamento de dados pessoais do CBMSC, atua como canal de comunicação entre a 
cbm.sc.gov.br;gov;text;direitos_evid;SIM;359;28201;"O titular do dado tem o direito, mediante requerimento expresso seu ou de representante
legalmente constituído, sem custos, de requisitar manifestação conclusiv"
cetesb.sp.gov.br;gov;text;canal_evid;SIM;83;89248;Dados do Encarregado: Nome: Maria Eugênia de L. F. Marolla E-mail: lgpd_cetesb@sp.gov.br
cetesb.sp.gov.br;gov;text;finalidade_evid;SIM;423;89248;as finalidades do tratamento dos dados coletados dos titulares que: a. Utilizam dos serviços ou atividades desempenhadas pela CETESB para: Operacionalizar as po
cetesb.sp.gov.br;gov;text;direitos_evid;SIM;384;89248;os direitos dos titulares de dados pessoais tratados pela CETESB : Questionar e obter resposta informando se seus dados pessoais são objeto de tratamento pela C
cetesb.sp.gov.br;gov;text;transf_evid;SIM;226;89248;É possível que haja transferência de dados pessoais fora do território brasileiro, ocasião em que a CETESB se compromete a fazê-lo somente para países que propo
cl.df.gov.br;gov;NA;canal_evid;SIM;149;34195;Para exercer os seus direitos, você pode entrar em contato pelo e-mail ouvidoria@cl.df.gov.br ou demais canais disponibilizados na página da Ouvidoria
cps.sp.gov.br;gov;text;canal_evid;SIM;115;71719;"paula.cassel@cps.sp.gov.br  |  lgpd@cps.sp.gov.br
ENCARREGADA
DE PROTEÇÃO
DE DADOS CPS
PAULA ELIZABETH
CASSEL DE ARAÚJO"
cps.sp.gov.br;gov;text;finalidade_evid;SIM;148;71719;Cookie cookiesession1 Duração 1 ano Descrição Este cookie é definido pelo firewall Fortinet. Este cookie é usado para proteger o site contra invasões.
denatran.gov.br;gov;text;canal_evid;SIM;393;135566;Encarregad a de Privacidade e Proteção de Dados Pessoais do MT : Encarregada: Rosana Daher van der Broocke Endereço: Esplanada dos Ministérios – Bloco R – Edifí
denatran.gov.br;gov;text;finalidade_evid;SIM;135;135566;com a finalidade de: Simplificar as solicitações, a prestação e o acompanhamento dos serviços públicos, com foco na experiência do usuário
denatran.gov.br;gov;text;direitos_evid;SIM;598;135566;Se opor ao tratamento de dados pessoais a qualquer momento. No entanto, é importante entender que exercer este direito causará discordância na relação entre cid
dom.sc.gov.br;gov;NA;canal_evid;SIM;174;11262;O setor jurídico da entidade publicadora responsável pela publicação do ato deve formalizar a solicitação e enviar para encarregado@ciga.sc.gov.br para análise 
duquedecaxias.rj.gov.br;gov;sem_politica;canal_evid;SIM;258;8663;esponsável pelo Tratamento de Dados Pessoais Responsável: Viviane Mançano Marques Localização: Alamenda Esmeralda, 206- Jardim Primavera-Duque de Caxias Funcion
fundacaocasa.sp.gov.br;gov;text;canal_evid;SIM;130;41602;Encarregado da proteção de dados pessoais da Fundação CASA-SP Nome: Daniele Fernanda Bruno Baldo E-mail: lgpd@fundacaocasa.sp.gov.br
fundacaocasa.sp.gov.br;gov;text;direitos_evid;SIM;142;41602;"mediante requisição: I – confirmação da existência de tratamento; II – acesso aos dados; III – correção de dados incompletos, inexatos ou desatualizados;"
icmbio.gov.br;gov;text;canal_evid;SIM;333;178977;Encarregado : Vanessa Simas Figueiredo/Ouvidora Encarregado Substituto : Rafael Barbosa Chagas/Chefe da Divisão de Informação ao Cidadão - DIC/OUV E-mail : lgpd
icmbio.gov.br;gov;text;finalidade_evid;SIM;155;178977;tais como: gestão de unidades de conservação federais (UCs), promoção do desenvolvimento socioambiental das comunidades tradicionais nas UCs de uso sustentável
londrina.pr.gov.br;gov;text;canal_evid;SIM;530;35940;GUILHERME ARRUDA SANTOS Ouvidor-Geral do Município Encarregado da Proteção de Dados Pessoais - Titular ALEXSANDRA CARLA DA VANÇO Ouvidora-Geral Adjunta Encarreg
londrina.pr.gov.br;gov;text;finalidade_evid;SIM;160;35940;Para que fins utilizamos esses dados pessoais? Os dados pessoais citados são necessários e utilizados para a identificação dos usuários dentro do serviço públic
mapacultural.pe.gov.br;gov;text;finalidade_evid;SIM;427;45393;Para viabilizar a prestação de diferentes serviços disponíveis em nossa plataforma digital, com o objetivo de traçarmos juntos o cenário cultural, considerando 
mapacultural.pe.gov.br;gov;text;direitos_evid;SIM;189;45393;"confirmação da existência de tratamento de dados pessoais; acesso aos dados pessoais; revogação do consentimento, caso seja possível a eliminação do dado; corre"
maracanau.ce.gov.br;gov;text;canal_evid;SIM;356;127869;nosso Encarregado pelo Tratamento de Dados Pessoais (DPO): Encarregado Titular: Francisco Eduardo Ribeiro da Silva (Controlador-Geral). Encarregado Adjunto: Fáb
maracanau.ce.gov.br;gov;text;finalidade_evid;SIM;279;127869;Para garantir seu atendimento médico e prontuários, campanhas de vacinação, fiscalização sanitária(SESA), matrículas escolares (SEDUC), programas de assistência
maracanau.ce.gov.br;gov;text;direitos_evid;SIM;265;127869;você pode nos solicitar: Acesso e Confirmação: Saber quais dados seus nós possuímos. Correção: Atualizar dados incorretos, incompletos ou desatualizados. Inform
meioambiente.mg.gov.br;gov;text;direitos_evid;SIM;414;35961;"Livre acesso, facilitado e gratuito; Confirmação da existência de tratamento, acesso, revisão e retificação dos dados; Requisição de detalhes sobre a origem ou "
palmas.to.gov.br;gov;text;canal_evid;SIM;316;27600;Em Palmas, o Decreto nº 2.213/2022 dispõe sobre a implementação da Lei Geral de Proteção de Dados Pessoais (LGPD) no âmbito do Poder Executivo Municipal. Encarr
planalto.gov.br;gov;text;canal_evid;SIM;252;113847;Informações de Contato Nome: Aline Veloso dos Passos – Secretária de Controle Interno (CISET/SE/CC/PR) E-mail: encarregado.lgpd@presidencia.gov.br Endereço: Ane
planalto.gov.br;gov;text;finalidade_evid;SIM;218;113847;"finalidade de: Simplificar as solicitações, a prestação e o acompanhamento dos serviços públicos, com foco na experiência do usuário; Entrar em contato caso nec"
planalto.gov.br;gov;text;direitos_evid;SIM;290;113847;"onfirmar a existência de tratamento de dados pessoais , de maneira simplificada ou em formato claro e completo; Acessar seus dados pessoais , podendo solicitá-l"
pmpr.pr.gov.br;gov;text;canal_evid;SIM;338;192797;Encarregado Transparência Encarregado pelo tratamento de dados pessoais e Transparência: Capitão QOPM Ricardo Bowerk Lima Quartel do Comando Geral Av. Marechal 
portaldoservidor.mg.gov.br;gov;text;canal_evid;SIM;251;42423;Para o Portal do Servidor, que é responsável por atuar como canal de comunicação entre o controlador, os titulares dos dados e a Autoridade Nacional de Proteção
portaldoservidor.mg.gov.br;gov;text;finalidade_evid;SIM;231;42423;V. Envio de E-mails O Governo enviará para o endereço eletrônico utilizado no cadastro do Usuário mensagens sobre os serviços públicos cadastrados no Portal do 
portaldoservidor.mg.gov.br;gov;text;direitos_evid;SIM;191;42423;de retificação (Art. 18, III): é o direito de solicitar a correção de dados incompletos, inexatos ou desatualizados. à limitação do tratamento dos dados (Art. 1
sinop.mt.gov.br;gov;NA;canal_evid;SIM;66;20633;"Responsavel: Kreibicieli Mayra Monteiro
 E-mail : lgpd@sinop.mt.gov.br"
tcu.gov.br;gov;text;canal_evid;SIM;135;54867;Encarregada de dados do TCU - Mônica Cotrim Chaves, Titular da Assip. Telefone - 61 3527-5292 / 61 3527-7222. E-mail - encarregado.lgpd@tcu.gov.br
tcu.gov.br;gov;text;finalidade_evid;SIM;383;54867;s práticas e procedimentos utilizados para o tratamento envolvem técnicas de auditoria, a exemplo do exame documental, da extração e cruzamento de dados e da re
tcu.gov.br;gov;text;direitos_evid;SIM;609;54867;Art. 18. O titular dos dados pessoais tem direito a obter do controlador, em relação aos dados do titular por ele tratados, a qualquer momento e mediante requis
